,Year,Laureate_Id_x,Firstname_x,Lastname_x,Category,Prize_Share,Motivation,Name_key,Laureate_Id_y,Firstname_y,Lastname_y,Gender,Birth_Date,Birth_Country,Birth_City,Birth_Country_Code,Death_Date,Death_Country,Death_City,Death_Country_Code,Organization_Name,Organization_City,Organization_Country
0,1901,1,Wilhelm Conrad,Röntgen,physics,1,"""in recognition of the extraordinary services he has rendered by the discovery of the remarkable rays subsequently named after him""",Wilhelm Conrad Röntgen,1,Wilhelm Conrad,Röntgen,male,1845-03-27,Prussia (now Germany),Lennep (now Remscheid),DE,10/02/1923,Germany,Munich,DE,Munich University,Munich,Germany
1,1901,293,Emil,von Behring,medicine,1,"""for his work on serum therapy especially its application against diphtheria by which he has opened a new road in the domain of medical science and thereby placed in the hands of the physician a victorious weapon against illness and deaths""",Emil von Behring,293,Emil,von Behring,male,1854-03-15,Prussia (now Poland),Hansdorf (now Lawice),PL,31/03/1917,Germany,Marburg,DE,Marburg University,Marburg,Germany
2,1901,462,Henry,Dunant,peace,2,"""for his humanitarian efforts to help wounded soldiers and create international understanding""",Henry Dunant,462,Henry,Dunant,male,1828-05-08,Switzerland,Geneva,CH,30/10/1910,Switzerland,Heiden,CH,,,
3,1901,463,Frédéric,Passy,peace,2,"""for his lifelong work for international peace conferences diplomacy and arbitration""",Frédéric Passy,463,Frédéric,Passy,male,1822-05-20,France,Paris,FR,12/06/1912,France,Paris,FR,,,
4,1901,569,Sully,Prudhomme,literature,1,"""in special recognition of his poetic composition which gives evidence of lofty idealism artistic perfection and a rare combination of the qualities of both heart and intellect""",Sully Prudhomme,569,Sully,Prudhomme,male,1839-03-16,France,Paris,FR,07/09/1907,France,Châtenay,FR,,,
5,1901,160,Jacobus H.,van 't Hoff,chemistry,1,"""in recognition of the extraordinary services he has rendered by the discovery of the laws of chemical dynamics and osmotic pressure in solutions""",Jacobus H. van 't Hoff,160,Jacobus H.,van 't Hoff,male,1852-08-30,the Netherlands,Rotterdam,NL,01/03/1911,Germany,Berlin,DE,Berlin University,Berlin,Germany
6,1902,161,Emil,Fischer,chemistry,1,"""in recognition of the extraordinary services he has rendered by his work on sugar and purine syntheses""",Emil Fischer,161,Emil,Fischer,male,1852-10-09,Prussia (now Germany),Euskirchen,DE,15/07/1919,Germany,Berlin,DE,Berlin University,Berlin,Germany
7,1902,571,Theodor,Mommsen,literature,1,"""the greatest living master of the art of historical writing with special reference to his monumental work <I>A history of Rome</I>""",Theodor Mommsen,571,Theodor,Mommsen,male,1817-11-30,Schleswig (now Germany),Garding,DE,01/11/1903,Germany,Charlottenburg,DE,,,
8,1902,465,Albert,Gobat,peace,2,"""for his eminently practical administration of the Inter-Parliamentary Union""",Albert Gobat,465,Albert,Gobat,male,1843-05-21,Switzerland,Tramelan,CH,16/03/1914,Switzerland,Bern,CH,,,
9,1902,464,Élie,Ducommun,peace,2,"""for his untiring and skilful directorship of the Bern Peace Bureau""",Élie Ducommun,464,Élie,Ducommun,male,1833-02-19,Switzerland,Geneva,CH,07/12/1906,Switzerland,Bern,CH,,,
10,1902,3,Pieter,Zeeman,physics,2,"""in recognition of the extraordinary service they rendered by their researches into the influence of magnetism upon radiation phenomena""",Pieter Zeeman,3,Pieter,Zeeman,male,1865-05-25,the Netherlands,Zonnemaire,NL,09/10/1943,the Netherlands,Amsterdam,NL,Amsterdam University,Amsterdam,the Netherlands
11,1902,294,Ronald,Ross,medicine,1,"""for his work on malaria by which he has shown how it enters the organism and thereby has laid the foundation for successful research on this disease and methods of combating it""",Ronald Ross,294,Ronald,Ross,male,1857-05-13,India,Almora,IN,16/09/1932,United Kingdom,Putney Heath,GB,University College,Liverpool,United Kingdom
12,1902,2,Hendrik A.,Lorentz,physics,2,"""in recognition of the extraordinary service they rendered by their researches into the influence of magnetism upon radiation phenomena""",Hendrik A. Lorentz,2,Hendrik A.,Lorentz,male,1853-07-18,the Netherlands,Arnhem,NL,04/02/1928,the Netherlands,,NL,Leiden University,Leiden,the Netherlands
13,1903,5,Pierre,Curie,physics,4,"""in recognition of the extraordinary services they have rendered by their joint researches on the radiation phenomena discovered by Professor Henri Becquerel""",Pierre Curie,5,Pierre,Curie,male,1859-05-15,France,Paris,FR,19/04/1906,France,Paris,FR,École municipale de physique et de chimie industrielles (Municipal School of Industrial Physics and Chemistry),Paris,France
14,1903,466,Randal,Cremer,peace,1,"""for his longstanding and devoted effort in favour of the ideas of peace and arbitration""",Randal Cremer,466,Randal,Cremer,male,1828-03-18,United Kingdom,Fareham,GB,22/07/1908,United Kingdom,London,GB,,,
15,1903,4,Henri,Becquerel,physics,2,"""in recognition of the extraordinary services he has rendered by his discovery of spontaneous radioactivity""",Henri Becquerel,4,Henri,Becquerel,male,1852-12-15,France,Paris,FR,25/08/1908,France,,FR,École Polytechnique,Paris,France
16,1903,6,Marie,Curie,physics,4,"""in recognition of the extraordinary services they have rendered by their joint researches on the radiation phenomena discovered by Professor Henri Becquerel""",Marie Curie,6,Marie,Curie,female,1867-11-07,Russian Empire (now Poland),Warsaw,PL,04/07/1934,France,Sallanches,FR,,,
17,1903,295,Niels Ryberg,Finsen,medicine,1,"""in recognition of his contribution to the treatment of diseases especially lupus vulgaris with concentrated light radiation whereby he has opened a new avenue for medical science""",Niels Ryberg Finsen,295,Niels Ryberg,Finsen,male,1860-12-15,Faroe Islands (Denmark),Thorshavn,DK,24/09/1904,Denmark,Copenhagen,DK,Finsen Medical Light Institute,Copenhagen,Denmark
18,1903,572,Bjørnstjerne,Bjørnson,literature,1,"""as a tribute to his noble magnificent and versatile poetry which has always been distinguished by both the freshness of its inspiration and the rare purity of its spirit""",Bjørnstjerne Bjørnson,572,Bjørnstjerne,Bjørnson,male,1832-12-08,Norway,Kvikne,NO,26/04/1910,France,Paris,FR,,,
19,1903,162,Svante,Arrhenius,chemistry,1,"""in recognition of the extraordinary services he has rendered to the advancement of chemistry by his electrolytic theory of dissociation""",Svante Arrhenius,162,Svante,Arrhenius,male,1859-02-19,Sweden,Vik,SE,02/10/1927,Sweden,Stockholm,SE,Stockholm University,Stockholm,Sweden
20,1904,574,José,Echegaray,literature,2,"""in recognition of the numerous and brilliant compositions which in an individual and original manner have revived the great traditions of the Spanish drama""",José Echegaray,574,José,Echegaray,male,1832-04-19,Spain,Madrid,ES,04/09/1916,Spain,Madrid,ES,,,
21,1904,8,Lord,Rayleigh,physics,1,"""for his investigations of the densities of the most important gases and for his discovery of argon in connection with these studies""",Lord Rayleigh,8,Lord,Rayleigh,male,1842-11-12,United Kingdom,Langford Grove Maldon Essex,GB,30/06/1919,United Kingdom,,GB,Royal Institution of Great Britain,London,United Kingdom
22,1904,467,Institute of International Law,,peace,1,"""for its striving in public law to develop peaceful ties between nations and to make the laws of war more humane""",,467,Institute of International Law,,org,1873-00-00,,,,0000-00-00,,,,,,
23,1904,163,Sir William,Ramsay,chemistry,1,"""in recognition of his services in the discovery of the inert gaseous elements in air and his determination of their place in the periodic system""",Sir William Ramsay,163,Sir William,Ramsay,male,1852-10-02,Scotland,Glasgow,GB,23/07/1916,United Kingdom,High Wycombe,GB,University College,London,United Kingdom
24,1904,296,Ivan,Pavlov,medicine,1,"""in recognition of his work on the physiology of digestion through which knowledge on vital aspects of the subject has been transformed and enlarged""",Ivan Pavlov,296,Ivan,Pavlov,male,1849-09-14,Russia,Ryazan,RU,27/02/1936,Russia,Leningrad,RU,Military Medical Academy,St. Petersburg,Russia
25,1904,573,Frédéric,Mistral,literature,2,"""in recognition of the fresh originality and true inspiration of his poetic production which faithfully reflects the natural scenery and native spirit of his people and in addition his significant work as a Proven&ccedil;al philologist""",Frédéric Mistral,573,Frédéric,Mistral,male,1830-09-08,France,Maillane,FR,25/03/1914,France,Maillane,FR,,,
26,1905,164,Adolf,von Baeyer,chemistry,1,"""in recognition of his services in the advancement of organic chemistry and the chemical industry through his work on organic dyes and hydroaromatic compounds""",Adolf von Baeyer,164,Adolf,von Baeyer,male,1835-10-31,Prussia (now Germany),Berlin,DE,20/08/1917,Germany,Starnberg,DE,Munich University,Munich,Germany
27,1905,575,Henryk,Sienkiewicz,literature,1,"""because of his outstanding merits as an epic writer""",Henryk Sienkiewicz,575,Henryk,Sienkiewicz,male,1846-05-05,Poland,Wola Okrzejska,PL,15/11/1916,Switzerland,Vevey,CH,,,
28,1905,9,Philipp,Lenard,physics,1,"""for his work on cathode rays""",Philipp Lenard,9,Philipp,Lenard,male,1862-06-07,Hungary (now Slovakia),Pressburg (now Bratislava),SK,20/05/1947,Germany,Messelhausen,DE,Kiel University,Kiel,Germany
29,1905,468,Bertha,von Suttner,peace,1,"""for her audacity to oppose the horrors of war""",Bertha von Suttner,468,Bertha,von Suttner,female,1843-06-09,Austrian Empire (now Czech Republic),Prague,CZ,21/06/1914,Austria,Vienna,AT,,,
30,1905,297,Robert,Koch,medicine,1,"""for his investigations and discoveries in relation to tuberculosis""",Robert Koch,297,Robert,Koch,male,1843-12-11,Germany,Clausthal (now Clausthal-Zellerfeld),DE,27/05/1910,Germany,Baden-Baden,DE,Institute for Infectious Diseases,Berlin,Germany
31,1906,576,Giosuè,Carducci,literature,1,"""not only in consideration of his deep learning and critical research but above all as a tribute to the creative energy freshness of style and lyrical force which characterize his poetic masterpieces""",Giosuè Carducci,576,Giosuè,Carducci,male,1835-07-27,Tuscany (now Italy),Val di Castello,IT,16/02/1907,Italy,Bologna,IT,,,
32,1906,470,Theodore,Roosevelt,peace,1,"""for his role in bringing to an end the bloody war recently waged between two of the world's great powers Japan and Russia""",Theodore Roosevelt,470,Theodore,Roosevelt,male,1858-10-27,USA,New York NY,US,06/01/1919,USA,Oyster Bay NY,US,,,
33,1906,10,J.J.,Thomson,physics,1,"""in recognition of the great merits of his theoretical and experimental investigations on the conduction of electricity by gases""",J.J. Thomson,10,J.J.,Thomson,male,1856-12-18,United Kingdom,Cheetham Hill,GB,30/08/1940,United Kingdom,Cambridge,GB,University of Cambridge,Cambridge,United Kingdom
34,1906,299,Santiago,Ramón y Cajal,medicine,2,"""in recognition of their work on the structure of the nervous system""",Santiago Ramón y Cajal,299,Santiago,Ramón y Cajal,male,1852-05-01,Spain,Petilla de Aragón,ES,17/10/1934,Spain,Madrid,ES,Madrid University,Madrid,Spain
35,1906,165,Henri,Moissan,chemistry,1,"""in recognition of the great services rendered by him in his investigation and isolation of the element fluorine and for the adoption in the service of science of the electric furnace called after him""",Henri Moissan,165,Henri,Moissan,male,1852-09-28,France,Paris,FR,20/02/1907,France,Paris,FR,Sorbonne University,Paris,France
36,1906,298,Camillo,Golgi,medicine,2,"""in recognition of their work on the structure of the nervous system""",Camillo Golgi,298,Camillo,Golgi,male,1843-07-07,Italy,Corteno,IT,21/01/1926,Italy,Pavia,IT,Pavia University,Pavia,Italy
37,1907,300,Alphonse,Laveran,medicine,1,"""in recognition of his work on the role played by protozoa in causing diseases""",Alphonse Laveran,300,Alphonse,Laveran,male,1845-06-18,France,Paris,FR,18/05/1922,France,Paris,FR,Institut Pasteur,Paris,France
38,1907,166,Eduard,Buchner,chemistry,1,"""for his biochemical researches and his discovery of cell-free fermentation""",Eduard Buchner,166,Eduard,Buchner,male,1860-05-20,Bavaria (now Germany),Munich,DE,13/08/1917,Romania,Focsani,RO,Landwirtschaftliche Hochschule (Agricultural College),Berlin,Germany
39,1907,577,Rudyard,Kipling,literature,1,"""in consideration of the power of observation originality of imagination virility of ideas and remarkable talent for narration which characterize the creations of this world-famous author""",Rudyard Kipling,577,Rudyard,Kipling,male,1865-12-30,British India (now India),Bombay (now Mumbai),IN,18/01/1936,United Kingdom,London,GB,,,
40,1907,472,Louis,Renault,peace,2,"""for his decisive influence upon the conduct and outcome of the Hague and Geneva Conferences""",Louis Renault,472,Louis,Renault,male,1843-05-21,France,Autun,FR,08/02/1918,France,Barbizon,FR,Sorbonne University,Paris,France
41,1907,471,Ernesto Teodoro,Moneta,peace,2,"""for his work in the press and in peace meetings both public and private for an understanding between France and Italy""",Ernesto Teodoro Moneta,471,Ernesto Teodoro,Moneta,male,1833-09-20,Austrian Empire (now Italy),Milan,IT,10/02/1918,Italy,Milan,IT,,,
42,1907,11,Albert A.,Michelson,physics,1,"""for his optical precision instruments and the spectroscopic and metrological investigations carried out with their aid""",Albert A. Michelson,11,Albert A.,Michelson,male,1852-12-19,Prussia (now Poland),Strelno (now Strzelno),PL,09/05/1931,USA,Pasadena CA,US,University of Chicago,Chicago IL,USA
43,1908,167,Ernest,Rutherford,chemistry,1,"""for his investigations into the disintegration of the elements and the chemistry of radioactive substances""",Ernest Rutherford,167,Ernest,Rutherford,male,1871-08-30,New Zealand,Nelson,NZ,19/10/1937,United Kingdom,Cambridge,GB,Victoria University,Manchester,United Kingdom
44,1908,578,Rudolf,Eucken,literature,1,"""in recognition of his earnest search for truth his penetrating power of thought his wide range of vision and the warmth and strength in presentation with which in his numerous works he has vindicated and developed an idealistic philosophy of life""",Rudolf Eucken,578,Rudolf,Eucken,male,1846-01-05,East Friesland (now Germany),Aurich,DE,14/09/1926,Germany,Jena,DE,,,
45,1908,474,Fredrik,Bajer,peace,2,"""for their long time work for the cause of peace as politicians peace society leaders orators and authors""",Fredrik Bajer,474,Fredrik,Bajer,male,1837-04-21,Denmark,Næstved,DK,22/01/1922,Denmark,Copenhagen,DK,,,
46,1908,301,Ilya,Mechnikov,medicine,2,"""in recognition of their work on immunity""",Ilya Mechnikov,301,Ilya,Mechnikov,male,1845-05-15,Russian Empire (now Ukraine),Kharkov (now Kharkiv),UA,15/07/1916,France,Paris,FR,Institut Pasteur,Paris,France
47,1908,302,Paul,Ehrlich,medicine,2,"""in recognition of their work on immunity""",Paul Ehrlich,302,Paul,Ehrlich,male,1854-03-14,Prussia (now Poland),Strehlen (now Strzelin),PL,20/08/1915,Germany,Bad Homburg vor der Höhe,DE,Goettingen University,Göttingen,Germany
48,1908,473,Klas Pontus,Arnoldson,peace,2,"""for their long time work for the cause of peace as politicians peace society leaders orators and authors""",Klas Pontus Arnoldson,473,Klas Pontus,Arnoldson,male,1844-10-27,Sweden,Gothenburg,SE,20/02/1916,Sweden,Stockholm,SE,,,
49,1908,12,Gabriel,Lippmann,physics,1,"""for his method of reproducing colours photographically based on the phenomenon of interference""",Gabriel Lippmann,12,Gabriel,Lippmann,male,1845-08-16,Luxembourg,Hollerich,LU,13/07/1921,,,,Sorbonne University,Paris,France
50,1909,13,Guglielmo,Marconi,physics,2,"""in recognition of their contributions to the development of wireless telegraphy""",Guglielmo Marconi,13,Guglielmo,Marconi,male,1874-04-25,Italy,Bologna,IT,20/07/1937,Italy,Rome,IT,Marconi Wireless Telegraph Co. Ltd.,London,United Kingdom
51,1909,303,Theodor,Kocher,medicine,1,"""for his work on the physiology pathology and surgery of the thyroid gland""",Theodor Kocher,303,Theodor,Kocher,male,1841-08-25,Switzerland,Bern,CH,27/07/1917,Switzerland,Bern,CH,Berne University,Bern,Switzerland
52,1909,579,Selma,Lagerlöf,literature,1,"""in appreciation of the lofty idealism vivid imagination and spiritual perception that characterize her writings""",Selma Lagerlöf,579,Selma,Lagerlöf,female,1858-11-20,Sweden,Mårbacka,SE,16/03/1940,Sweden,Mårbacka,SE,,,
53,1909,168,Wilhelm,Ostwald,chemistry,1,"""in recognition of his work on catalysis and for his investigations into the fundamental principles governing chemical equilibria and rates of reaction""",Wilhelm Ostwald,168,Wilhelm,Ostwald,male,1853-09-02,Russian Empire (now Latvia),Riga,LV,04/04/1932,Germany,Leipzig,DE,Leipzig University,Leipzig,Germany
54,1909,14,Ferdinand,Braun,physics,2,"""in recognition of their contributions to the development of wireless telegraphy""",Ferdinand Braun,14,Ferdinand,Braun,male,1850-06-06,Hesse-Kassel (now Germany),Fulda,DE,20/04/1918,USA,Brooklyn NY,US,Strasbourg University,Strasbourg,Germany (now France)
55,1909,475,Auguste,Beernaert,peace,2,"""for their prominent position in the international movement for peace and arbitration""",Auguste Beernaert,475,Auguste,Beernaert,male,1829-07-26,Belgium,Ostend,BE,06/10/1912,Switzerland,Lucerne,CH,,,
56,1909,476,Paul Henri,d'Estournelles de Constant,peace,2,"""for their prominent position in the international movement for peace and arbitration""",Paul Henri d'Estournelles de Constant,476,Paul Henri,d'Estournelles de Constant,male,1852-11-22,France,La Flèche,FR,15/05/1924,France,Paris,FR,,,
57,1910,580,Paul,Heyse,literature,1,"""as a tribute to the consummate artistry permeated with idealism which he has demonstrated during his long productive career as a lyric poet dramatist novelist and writer of world-renowned short stories""",Paul Heyse,580,Paul,Heyse,male,1830-03-15,Prussia (now Germany),Berlin,DE,02/04/1914,Germany,Munich,DE,,,
58,1910,477,Permanent International Peace Bureau,,peace,1,"""for acting as a link between the peace societies of the various countries and helping them to organize the world rallies of the international peace movement""",,467,Institute of International Law,,org,1873-00-00,,,,0000-00-00,,,,,,
59,1910,15,Johannes Diderik,van der Waals,physics,1,"""for his work on the equation of state for gases and liquids""",Johannes Diderik van der Waals,15,Johannes Diderik,van der Waals,male,1837-11-23,the Netherlands,Leiden,NL,08/03/1923,the Netherlands,Amsterdam,NL,Amsterdam University,Amsterdam,the Netherlands
60,1910,304,Albrecht,Kossel,medicine,1,"""in recognition of the contributions to our knowledge of cell chemistry made through his work on proteins including the nucleic substances""",Albrecht Kossel,304,Albrecht,Kossel,male,1853-09-16,Mecklenburg (now Germany),Rostock,DE,05/07/1927,Germany,Heidelberg,DE,University of Heidelberg,Heidelberg,Germany
61,1910,169,Otto,Wallach,chemistry,1,"""in recognition of his services to organic chemistry and the chemical industry by his pioneer work in the field of alicyclic compounds""",Otto Wallach,169,Otto,Wallach,male,1847-03-27,Germany (now Russia),Koenigsberg (now Kaliningrad),RU,26/02/1931,Germany,Göttingen,DE,Goettingen University,Göttingen,Germany
62,1911,479,Alfred,Fried,peace,2,"""for his effort to expose and fight what he considers to be the main cause of war namely the anarchy in international relations""",Alfred Fried,479,Alfred,Fried,male,1864-11-11,Austria,Vienna,AT,04/05/1921,Austria,Vienna,AT,,,
63,1911,478,Tobias,Asser,peace,2,"""for his role as co-founder of the Institut de droit international initiator of the Conferences on International Private Law (Conférences de Droit international privé) at the Hague and pioneer in the field of international legal relations""",Tobias Asser,478,Tobias,Asser,male,1838-04-28,the Netherlands,Amsterdam,NL,29/07/1913,the Netherlands,the Hague,NL,,,
64,1911,6,Marie,Curie,chemistry,1,"""in recognition of her services to the advancement of chemistry by the discovery of the elements radium and polonium by the isolation of radium and the study of the nature and compounds of this remarkable element""",Marie Curie,6,Marie,Curie,female,1867-11-07,Russian Empire (now Poland),Warsaw,PL,04/07/1934,France,Sallanches,FR,,,
65,1911,16,Wilhelm,Wien,physics,1,"""for his discoveries regarding the laws governing the radiation of heat""",Wilhelm Wien,16,Wilhelm,Wien,male,1864-01-13,Prussia (now Russia),Gaffken (now Parusnoye),RU,30/08/1928,Germany,Munich,DE,Würzburg University,Würzburg,Germany
66,1911,581,Maurice,Maeterlinck,literature,1,"""in appreciation of his many-sided literary activities and especially of his dramatic works which are distinguished by a wealth of imagination and by a poetic fancy which reveals sometimes in the guise of a fairy tale a deep inspiration while in a mysterious way they appeal to the readers' own feelings and stimulate their imaginations""",Maurice Maeterlinck,581,Maurice,Maeterlinck,male,1862-08-29,Belgium,Ghent,BE,06/05/1949,France,Nice,FR,,,
67,1911,305,Allvar,Gullstrand,medicine,1,"""for his work on the dioptrics of the eye""",Allvar Gullstrand,305,Allvar,Gullstrand,male,1862-06-05,Sweden,Landskrona,SE,28/07/1930,Sweden,Stockholm,SE,Uppsala University,Uppsala,Sweden
68,1912,582,Gerhart,Hauptmann,literature,1,"""primarily in recognition of his fruitful varied and outstanding production in the realm of dramatic art""",Gerhart Hauptmann,582,Gerhart,Hauptmann,male,1862-11-15,Prussia (now Poland),Bad Salzbrunn,PL,06/06/1946,Germany (now Poland),Agnetendorf (now Jagniatków),PL,,,
69,1912,306,Alexis,Carrel,medicine,1,"""in recognition of his work on vascular suture and the transplantation of blood vessels and organs""",Alexis Carrel,306,Alexis,Carrel,male,1873-06-28,France,Sainte-Foy-lès-Lyon,FR,05/11/1944,France,Paris,FR,Rockefeller Institute for Medical Research,New York NY,USA
70,1912,173,Paul,Sabatier,chemistry,2,"""for his method of hydrogenating organic compounds in the presence of finely disintegrated metals whereby the progress of organic chemistry has been greatly advanced in recent years""",Paul Sabatier,173,Paul,Sabatier,male,1854-11-05,France,Carcassonne,FR,14/08/1941,France,Toulouse,FR,Toulouse University,Toulouse,France
71,1912,172,Victor,Grignard,chemistry,2,"""for the discovery of the so-called Grignard reagent which in recent years has greatly advanced the progress of organic chemistry""",Victor Grignard,172,Victor,Grignard,male,1871-05-06,France,Cherbourg,FR,13/12/1935,France,Lyon,FR,Nancy University,Nancy,France
72,1912,17,Gustaf,Dalén,physics,1,"""for his invention of automatic regulators for use in conjunction with gas accumulators for illuminating lighthouses and buoys""",Gustaf Dalén,17,Gustaf,Dalén,male,1869-11-30,Sweden,Stenstorp,SE,09/12/1937,Sweden,Stockholm,SE,Swedish Gas-Accumulator Co.,Lidingö Stockholm,Sweden
73,1912,480,Elihu,Root,peace,1,"""for bringing about better understanding between the countries of North and South America and initiating important arbitration agreements between the United States and other countries""",Elihu Root,480,Elihu,Root,male,1845-02-15,USA,Clinton NY,US,07/02/1937,USA,New York NY,US,,,
74,1913,307,Charles,Richet,medicine,1,"""in recognition of his work on anaphylaxis""",Charles Richet,307,Charles,Richet,male,1850-08-26,France,Paris,FR,04/12/1935,France,Paris,FR,Sorbonne University,Paris,France
75,1913,174,Alfred,Werner,chemistry,1,"""in recognition of his work on the linkage of atoms in molecules by which he has thrown new light on earlier investigations and opened up new fields of research especially in inorganic chemistry""",Alfred Werner,174,Alfred,Werner,male,1866-12-12,France,Mulhouse,FR,15/11/1919,Switzerland,Zurich,CH,University of Zurich,Zurich,Switzerland
76,1913,481,Henri,La Fontaine,peace,1,"""for his unparalleled contribution to the organization of peaceful internationalism""",Henri La Fontaine,481,Henri,La Fontaine,male,1854-04-22,Belgium,Brussels,BE,14/05/1943,Belgium,Brussels,BE,,,
77,1913,583,Rabindranath,Tagore,literature,1,"""because of his profoundly sensitive fresh and beautiful verse by which with consummate skill he has made his poetic thought expressed in his own English words a part of the literature of the West""",Rabindranath Tagore,583,Rabindranath,Tagore,male,1861-05-07,India,Calcutta,IN,07/08/1941,India,Calcutta,IN,,,
78,1913,18,Heike,Kamerlingh Onnes,physics,1,"""for his investigations on the properties of matter at low temperatures which led inter alia to the production of liquid helium""",Heike Kamerlingh Onnes,18,Heike,Kamerlingh Onnes,male,1853-09-21,the Netherlands,Groningen,NL,21/02/1926,the Netherlands,Leiden,NL,Leiden University,Leiden,the Netherlands
79,1914,19,Max,von Laue,physics,1,"""for his discovery of the diffraction of X-rays by crystals""",Max von Laue,19,Max,von Laue,male,1879-10-09,Germany,Pfaffendorf,DE,23/04/1960,West Germany (now Germany),Berlin,DE,Frankfurt-on-the-Main University,Frankfurt-on-the-Main,Germany
80,1914,308,Robert,Bárány,medicine,1,"""for his work on the physiology and pathology of the vestibular apparatus""",Robert Bárány,308,Robert,Bárány,male,1876-04-22,Austria,Vienna,AT,08/04/1936,Sweden,Uppsala,SE,Vienna University,Vienna,Austria
81,1914,175,Theodore W.,Richards,chemistry,1,"""in recognition of his accurate determinations of the atomic weight of a large number of chemical elements""",Theodore W. Richards,175,Theodore W.,Richards,male,1868-01-31,USA,Germantown PA,US,02/04/1928,USA,Cambridge MA,US,Harvard University,Cambridge MA,USA
82,1915,20,William,Bragg,physics,2,"""for their services in the analysis of crystal structure by means of X-rays""",William Bragg,20,William,Bragg,male,1862-07-02,United Kingdom,Wigton,GB,12/03/1942,United Kingdom,London,GB,University College,London,United Kingdom
83,1915,21,Lawrence,Bragg,physics,2,"""for their services in the analysis of crystal structure by means of X-rays""",Lawrence Bragg,21,Lawrence,Bragg,male,1890-03-31,Australia,Adelaide,AU,01/07/1971,United Kingdom,Ipswich,GB,Victoria University,Manchester,United Kingdom
84,1915,176,Richard,Willstätter,chemistry,1,"""for his researches on plant pigments especially chlorophyll""",Richard Willstätter,176,Richard,Willstätter,male,1872-08-13,Germany,Karlsruhe,DE,03/08/1942,Switzerland,Locarno,CH,Kaiser-Wilhelm-Institut (now Max-Planck Institut) für Chemie,Berlin-Dahlem,Germany
85,1915,584,Romain,Rolland,literature,1,"""as a tribute to the lofty idealism of his literary production and to the sympathy and love of truth with which he has described different types of human beings""",Romain Rolland,584,Romain,Rolland,male,1866-01-29,France,Clamecy,FR,30/12/1944,France,Vézelay,FR,,,
86,1916,585,Verner,von Heidenstam,literature,1,"""in recognition of his significance as the leading representative of a new era in our literature""",Verner von Heidenstam,585,Verner,von Heidenstam,male,1859-07-06,Sweden,Olshammar,SE,20/05/1940,Sweden,Övralid,SE,,,
87,1917,482,International Committee of the Red Cross,,peace,1,"""for the efforts to take care of wounded soldiers and prisoners of war and their families""",,467,Institute of International Law,,org,1873-00-00,,,,0000-00-00,,,,,,
88,1917,22,Charles Glover,Barkla,physics,1,"""for his discovery of the characteristic R&ouml;ntgen radiation of the elements""",Charles Glover Barkla,22,Charles Glover,Barkla,male,1877-06-07,United Kingdom,Widnes,GB,23/10/1944,Scotland,Edinburgh,GB,Edinburgh University,Edinburgh,United Kingdom
89,1917,586,Karl,Gjellerup,literature,2,"""for his varied and rich poetry which is inspired by lofty ideals""",Karl Gjellerup,586,Karl,Gjellerup,male,1857-06-02,Denmark,Roholte,DK,11/10/1919,Germany,Klotzsche,DE,,,
90,1917,587,Henrik,Pontoppidan,literature,2,"""for his authentic descriptions of present-day life in Denmark""",Henrik Pontoppidan,587,Henrik,Pontoppidan,male,1857-07-24,Denmark,Fredericia,DK,21/08/1943,Denmark,Ordrup,DK,,,
91,1918,23,Max,Planck,physics,1,"""in recognition of the services he rendered to the advancement of Physics by his discovery of energy quanta""",Max Planck,23,Max,Planck,male,1858-04-23,Schleswig (now Germany),Kiel,DE,04/10/1947,West Germany (now Germany),Göttingen,DE,Berlin University,Berlin,Germany
92,1918,177,Fritz,Haber,chemistry,1,"""for the synthesis of ammonia from its elements""",Fritz Haber,177,Fritz,Haber,male,1868-12-09,Prussia (now Poland),Breslau (now Wroclaw),PL,29/01/1934,Switzerland,Basel,CH,Kaiser-Wilhelm-Institut (now Fritz-Haber-Institut) für physikalische Chemie und Electrochemie,Berlin-Dahlem,Germany
93,1919,483,Woodrow,Wilson,peace,1,"""for his role as founder of the League of Nations""",Woodrow Wilson,483,Woodrow,Wilson,male,1856-12-28,USA,Staunton VA,US,03/02/1924,USA,Washington D.C.,US,,,
94,1919,309,Jules,Bordet,medicine,1,"""for his discoveries relating to immunity""",Jules Bordet,309,Jules,Bordet,male,1870-06-13,Belgium,Soignies,BE,06/04/1961,Belgium,Brussels,BE,Brussels University,Brussels,Belgium
95,1919,24,Johannes,Stark,physics,1,"""for his discovery of the Doppler effect in canal rays and the splitting of spectral lines in electric fields""",Johannes Stark,24,Johannes,Stark,male,1874-04-15,Germany,Schickenhof,DE,21/06/1957,West Germany (now Germany),Traunstein,DE,Greifswald University,Greifswald,Germany
96,1919,588,Carl,Spitteler,literature,1,"""in special appreciation of his epic <I>Olympian Spring</I>""",Carl Spitteler,588,Carl,Spitteler,male,1845-04-24,Switzerland,Liestal,CH,29/12/1924,Switzerland,Lucerne,CH,,,
97,1920,25,Charles Edouard,Guillaume,physics,1,"""in recognition of the service he has rendered to precision measurements in Physics by his discovery of anomalies in nickel steel alloys""",Charles Edouard Guillaume,25,Charles Edouard,Guillaume,male,1861-02-15,Switzerland,Fleurier,CH,13/06/1938,France,Sèvres,FR,Bureau International des Poids et Mesures (International Bureau of Weights and Measures),Sèvres,France
98,1920,178,Walther,Nernst,chemistry,1,"""in recognition of his work in thermochemistry""",Walther Nernst,178,Walther,Nernst,male,1864-06-25,Prussia (now Poland),Briesen (now Wąbrzeźno),PL,18/11/1941,Germany,Muskau,DE,Berlin University,Berlin,Germany
99,1920,310,August,Krogh,medicine,1,"""for his discovery of the capillary motor regulating mechanism""",August Krogh,310,August,Krogh,male,1874-11-15,Denmark,Grenå,DK,13/09/1949,Denmark,Copenhagen,DK,Copenhagen University,Copenhagen,Denmark
100,1920,484,Léon,Bourgeois,peace,1,"""for his longstanding contribution to the cause of peace and justice and his prominent role in the establishment of the League of Nations""",Léon Bourgeois,484,Léon,Bourgeois,male,1851-05-21,France,Paris,FR,29/09/1925,France,Épernay,FR,,,
101,1920,589,Knut,Hamsun,literature,1,"""for his monumental work <I>Growth of the Soil</I>""",Knut Hamsun,589,Knut,Hamsun,male,1859-08-04,Norway,Lom,NO,19/02/1952,Norway,Grimstad,NO,,,
102,1921,590,Anatole,France,literature,1,"""in recognition of his brilliant literary achievements characterized as they are by a nobility of style a profound human sympathy grace and a true Gallic temperament""",Anatole France,590,Anatole,France,male,1844-04-16,France,Paris,FR,12/10/1924,France,Saint-Cyr-sur-Loire,FR,,,
103,1921,485,Hjalmar,Branting,peace,2,"""for their lifelong contributions to the cause of peace and organized internationalism""",Hjalmar Branting,485,Hjalmar,Branting,male,1860-11-23,Sweden,Stockholm,SE,24/02/1925,Sweden,Stockholm,SE,,,
104,1921,26,Albert,Einstein,physics,1,"""for his services to Theoretical Physics and especially for his discovery of the law of the photoelectric effect""",Albert Einstein,26,Albert,Einstein,male,1879-03-14,Germany,Ulm,DE,18/04/1955,USA,Princeton NJ,US,Kaiser-Wilhelm-Institut (now Max-Planck-Institut) für Physik,Berlin,Germany
105,1921,179,Frederick,Soddy,chemistry,1,"""for his contributions to our knowledge of the chemistry of radioactive substances and his investigations into the origin and nature of isotopes""",Frederick Soddy,179,Frederick,Soddy,male,1877-09-02,United Kingdom,Eastbourne,GB,22/09/1956,United Kingdom,Brighton,GB,University of Oxford,Oxford,United Kingdom
106,1921,486,Christian,Lange,peace,2,"""for their lifelong contributions to the cause of peace and organized internationalism""",Christian Lange,486,Christian,Lange,male,1869-09-17,Norway,Stavanger,NO,11/12/1938,Norway,Oslo,NO,,,
107,1922,27,Niels,Bohr,physics,1,"""for his services in the investigation of the structure of atoms and of the radiation emanating from them""",Niels Bohr,27,Niels,Bohr,male,1885-10-07,Denmark,Copenhagen,DK,18/11/1962,Denmark,Copenhagen,DK,Copenhagen University,Copenhagen,Denmark
108,1922,487,Fridtjof,Nansen,peace,1,"""for his leading role in the repatriation of prisoners of war in international relief work and as the League of Nations' High Commissioner for refugees""",Fridtjof Nansen,487,Fridtjof,Nansen,male,1861-10-10,Norway,Kristiania (now Oslo),NO,13/05/1930,Norway,Oslo,NO,,,
109,1922,180,Francis W.,Aston,chemistry,1,"""for his discovery by means of his mass spectrograph of isotopes in a large number of non-radioactive elements and for his enunciation of the whole-number rule""",Francis W. Aston,180,Francis W.,Aston,male,1877-09-01,United Kingdom,Harborne,GB,20/11/1945,United Kingdom,Cambridge,GB,University of Cambridge,Cambridge,United Kingdom
110,1922,312,Otto,Meyerhof,medicine,2,"""for his discovery of the fixed relationship between the consumption of oxygen and the metabolism of lactic acid in the muscle""",Otto Meyerhof,312,Otto,Meyerhof,male,1884-04-12,Germany,Hanover,DE,06/10/1951,USA,Philadelphia PA,US,Kiel University,Kiel,Germany
111,1922,592,Jacinto,Benavente,literature,1,"""for the happy manner in which he has continued the illustrious traditions of the Spanish drama""",Jacinto Benavente,592,Jacinto,Benavente,male,1866-08-12,Spain,Madrid,ES,14/07/1954,Spain,Madrid,ES,,,
112,1922,311,Archibald V.,Hill,medicine,2,"""for his discovery relating to the production of heat in the muscle""",Archibald V. Hill,311,Archibald V.,Hill,male,1886-09-26,United Kingdom,Bristol,GB,03/06/1977,United Kingdom,Cambridge,GB,London University,London,United Kingdom
113,1923,313,Frederick G.,Banting,medicine,2,"""for the discovery of insulin""",Frederick G. Banting,313,Frederick G.,Banting,male,1891-11-14,Canada,Alliston,CA,21/02/1941,Canada,Newfoundland,CA,University of Toronto,Toronto,Canada
114,1923,314,John,Macleod,medicine,2,"""for the discovery of insulin""",John Macleod,314,John,Macleod,male,1876-09-06,Scotland,Cluny,GB,16/03/1935,Scotland,Aberdeen,GB,University of Toronto,Toronto,Canada
115,1923,28,Robert A.,Millikan,physics,1,"""for his work on the elementary charge of electricity and on the photoelectric effect""",Robert A. Millikan,28,Robert A.,Millikan,male,1868-03-22,USA,Morrison IL,US,19/12/1953,USA,San Marino CA,US,California Institute of Technology (Caltech),Pasadena CA,USA
116,1923,181,Fritz,Pregl,chemistry,1,"""for his invention of the method of micro-analysis of organic substances""",Fritz Pregl,181,Fritz,Pregl,male,1869-09-03,Austria-Hungary (now Slovenia),Laibach (now Ljubljana),SI,13/12/1930,Austria,Graz,AT,Graz University,Graz,Austria
117,1923,593,William Butler,Yeats,literature,1,"""for his always inspired poetry which in a highly artistic form gives expression to the spirit of a whole nation""",William Butler Yeats,593,William Butler,Yeats,male,1865-06-13,Ireland,Dublin,IE,28/01/1939,France,Roquebrune-Cap-Martin,FR,,,
118,1924,594,Wladyslaw,Reymont,literature,1,"""for his great national epic <I>The Peasants</I>""",Wladyslaw Reymont,594,Wladyslaw,Reymont,male,1867-05-07,Russian Empire (now Poland),Kobiele Wielkie,PL,05/12/1925,Poland,Warsaw,PL,,,
119,1924,315,Willem,Einthoven,medicine,1,"""for his discovery of the mechanism of the electrocardiogram""",Willem Einthoven,315,Willem,Einthoven,male,1860-05-21,Java Dutch East Indies (now Indonesia),Semarang,ID,29/09/1927,the Netherlands,Leiden,NL,Leiden University,Leiden,the Netherlands
120,1924,29,Manne,Siegbahn,physics,1,"""for his discoveries and research in the field of X-ray spectroscopy""",Manne Siegbahn,29,Manne,Siegbahn,male,1886-12-03,Sweden,Örebro,SE,26/09/1978,Sweden,Stockholm,SE,Uppsala University,Uppsala,Sweden
121,1925,30,James,Franck,physics,2,"""for their discovery of the laws governing the impact of an electron upon an atom""",James Franck,30,James,Franck,male,1882-08-26,Germany,Hamburg,DE,21/05/1964,West Germany (now Germany),Göttingen,DE,Goettingen University,Göttingen,Germany
122,1925,31,Gustav,Hertz,physics,2,"""for their discovery of the laws governing the impact of an electron upon an atom""",Gustav Hertz,31,Gustav,Hertz,male,1887-07-22,Germany,Hamburg,DE,30/10/1975,East Germany (now Germany),Berlin,DE,Halle University,Halle,Germany
123,1925,488,Sir Austen,Chamberlain,peace,2,"""for his crucial role in bringing about the Locarno Treaty""",Sir Austen Chamberlain,488,Sir Austen,Chamberlain,male,1863-10-16,United Kingdom,Birmingham,GB,16/03/1937,United Kingdom,London,GB,,,
124,1925,489,Charles G.,Dawes,peace,2,"""for his crucial role in bringing about the Dawes Plan""",Charles G. Dawes,489,Charles G.,Dawes,male,1865-08-27,USA,Marietta OH,US,23/04/1951,USA,Evanston IL,US,,,
125,1925,182,Richard,Zsigmondy,chemistry,1,"""for his demonstration of the heterogenous nature of colloid solutions and for the methods he used which have since become fundamental in modern colloid chemistry""",Richard Zsigmondy,182,Richard,Zsigmondy,male,1865-04-01,Austrian Empire (now Austria),Vienna,AT,24/09/1929,Germany,Göttingen,DE,Goettingen University,Göttingen,Germany
126,1925,596,George Bernard,Shaw,literature,1,"""for his work which is marked by both idealism and humanity its stimulating satire often being infused with a singular poetic beauty""",George Bernard Shaw,596,George Bernard,Shaw,male,1856-07-26,Ireland,Dublin,IE,02/11/1950,United Kingdom,Ayot St. Lawrence,GB,,,
127,1926,491,Gustav,Stresemann,peace,2,"""for their crucial role in bringing about the Locarno Treaty""",Gustav Stresemann,491,Gustav,Stresemann,male,1878-05-10,Germany,Berlin,DE,03/10/1929,Germany,Berlin,DE,,,
128,1926,490,Aristide,Briand,peace,2,"""for their crucial role in bringing about the Locarno Treaty""",Aristide Briand,490,Aristide,Briand,male,1862-03-28,France,Nantes,FR,07/03/1932,France,Paris,FR,,,
129,1926,597,Grazia,Deledda,literature,1,"""for her idealistically inspired writings which with plastic clarity picture the life on her native island and with depth and sympathy deal with human problems in general""",Grazia Deledda,597,Grazia,Deledda,female,1871-09-27,Italy,Nuoro Sardinia,IT,15/08/1936,Italy,Rome,IT,,,
130,1926,316,Johannes,Fibiger,medicine,1,"""for his discovery of the Spiroptera carcinoma""",Johannes Fibiger,316,Johannes,Fibiger,male,1867-04-23,Denmark,Silkeborg,DK,30/01/1928,Denmark,Copenhagen,DK,Copenhagen University,Copenhagen,Denmark
131,1926,32,Jean Baptiste,Perrin,physics,1,"""for his work on the discontinuous structure of matter and especially for his discovery of sedimentation equilibrium""",Jean Baptiste Perrin,32,Jean Baptiste,Perrin,male,1870-09-30,France,Lille,FR,17/04/1942,USA,New York NY,US,Sorbonne University,Paris,France
132,1926,183,The,Svedberg,chemistry,1,"""for his work on disperse systems""",The Svedberg,183,The,Svedberg,male,1884-08-30,Sweden,Fleräng,SE,25/02/1971,Sweden,Örebro,SE,Uppsala University,Uppsala,Sweden
133,1927,600,Henri,Bergson,literature,1,"""in recognition of his rich and vitalizing ideas and the brilliant skill with which they have been presented""",Henri Bergson,600,Henri,Bergson,male,1859-10-18,France,Paris,FR,04/01/1941,France,Paris,FR,,,
134,1927,493,Ludwig,Quidde,peace,2,"""for their contribution to the emergence in France and Germany of a public opinion which favours peaceful international cooperation""",Ludwig Quidde,493,Ludwig,Quidde,male,1858-03-23,Germany,Bremen,DE,04/03/1941,Switzerland,Geneva,CH,,,
135,1927,33,Arthur H.,Compton,physics,2,"""for his discovery of the effect named after him""",Arthur H. Compton,33,Arthur H.,Compton,male,1892-09-10,USA,Wooster OH,US,15/03/1962,USA,Berkeley CA,US,University of Chicago,Chicago IL,USA
136,1927,34,C.T.R.,Wilson,physics,2,"""for his method of making the paths of electrically charged particles visible by condensation of vapour""",C.T.R. Wilson,34,C.T.R.,Wilson,male,1869-02-14,Scotland,Glencorse,GB,15/11/1959,Scotland,Carlops,GB,University of Cambridge,Cambridge,United Kingdom
137,1927,317,Julius,Wagner-Jauregg,medicine,1,"""for his discovery of the therapeutic value of malaria inoculation in the treatment of dementia paralytica""",Julius Wagner-Jauregg,317,Julius,Wagner-Jauregg,male,1857-03-07,Austria,Wels,AT,27/09/1940,Austria,Vienna,AT,Vienna University,Vienna,Austria
138,1927,184,Heinrich,Wieland,chemistry,1,"""for his investigations of the constitution of the bile acids and related substances""",Heinrich Wieland,184,Heinrich,Wieland,male,1877-06-04,Germany,Pforzheim,DE,05/08/1957,West Germany (now Germany),Munich,DE,Munich University,Munich,Germany
139,1927,492,Ferdinand,Buisson,peace,2,"""for their contribution to the emergence in France and Germany of a public opinion which favours peaceful international cooperation""",Ferdinand Buisson,492,Ferdinand,Buisson,male,1841-12-20,France,Paris,FR,16/02/1932,France,Thieuloy-Saint-Antoine,FR,,,
140,1928,318,Charles,Nicolle,medicine,1,"""for his work on typhus""",Charles Nicolle,318,Charles,Nicolle,male,1866-09-21,France,Rouen,FR,28/02/1936,Tunisia,Tunis,TN,Institut Pasteur,Tunis,Tunisia
141,1928,185,Adolf,Windaus,chemistry,1,"""for the services rendered through his research into the constitution of the sterols and their connection with the vitamins""",Adolf Windaus,185,Adolf,Windaus,male,1876-12-25,Germany,Berlin,DE,09/06/1959,West Germany (now Germany),Göttingen,DE,Goettingen University,Göttingen,Germany
142,1928,35,Owen Willans,Richardson,physics,1,"""for his work on the thermionic phenomenon and especially for the discovery of the law named after him""",Owen Willans Richardson,35,Owen Willans,Richardson,male,1879-04-26,United Kingdom,Dewsbury,GB,15/02/1959,United Kingdom,Alton,GB,London University,London,United Kingdom
143,1928,601,Sigrid,Undset,literature,1,"""principally for her powerful descriptions of Northern life during the Middle Ages""",Sigrid Undset,601,Sigrid,Undset,female,1882-05-20,Denmark,Kalundborg,DK,10/06/1949,Norway,Lillehammer,NO,,,
144,1929,186,Arthur,Harden,chemistry,2,"""for their investigations on the fermentation of sugar and fermentative enzymes""",Arthur Harden,186,Arthur,Harden,male,1865-10-12,United Kingdom,Manchester,GB,17/06/1940,United Kingdom,Bourne,GB,London University,London,United Kingdom
145,1929,187,Hans,von Euler-Chelpin,chemistry,2,"""for their investigations on the fermentation of sugar and fermentative enzymes""",Hans von Euler-Chelpin,187,Hans,von Euler-Chelpin,male,1873-02-15,Germany,Augsburg,DE,06/11/1964,Sweden,Stockholm,SE,Stockholm University,Stockholm,Sweden
146,1929,319,Christiaan,Eijkman,medicine,2,"""for his discovery of the antineuritic vitamin""",Christiaan Eijkman,319,Christiaan,Eijkman,male,1858-08-11,the Netherlands,Nijkerk,NL,05/11/1930,the Netherlands,Utrecht,NL,Utrecht University,Utrecht,the Netherlands
147,1929,36,Louis,de Broglie,physics,1,"""for his discovery of the wave nature of electrons""",Louis de Broglie,36,Louis,de Broglie,male,1892-08-15,France,Dieppe,FR,19/03/1987,France,Paris,FR,Sorbonne University Institut Henri Poincaré,Paris,France
148,1929,602,Thomas,Mann,literature,1,"""principally for his great novel <I>Buddenbrooks</I> which has won steadily increased recognition as one of the classic works of contemporary literature""",Thomas Mann,602,Thomas,Mann,male,1875-06-06,Germany,Lübeck,DE,12/08/1955,Switzerland,Zurich,CH,,,
149,1929,320,Sir Frederick,Hopkins,medicine,2,"""for his discovery of the growth-stimulating vitamins""",Sir Frederick Hopkins,320,Sir Frederick,Hopkins,male,1861-06-20,United Kingdom,Eastbourne,GB,16/05/1947,United Kingdom,Cambridge,GB,University of Cambridge,Cambridge,United Kingdom
150,1929,494,Frank B.,Kellogg,peace,1,"""for his crucial role in bringing about the Briand-Kellogg Pact""",Frank B. Kellogg,494,Frank B.,Kellogg,male,1856-12-22,USA,Potsdam NY,US,21/12/1937,USA,St. Paul MN,US,,,
151,1930,603,Sinclair,Lewis,literature,1,"""for his vigorous and graphic art of description and his ability to create with wit and humour new types of characters""",Sinclair Lewis,603,Sinclair,Lewis,male,1885-02-07,USA,Sauk Centre MN,US,10/01/1951,Italy,Rome,IT,,,
152,1930,321,Karl,Landsteiner,medicine,1,"""for his discovery of human blood groups""",Karl Landsteiner,321,Karl,Landsteiner,male,1868-06-14,Austrian Empire (now Austria),Vienna,AT,26/06/1943,USA,New York NY,US,Rockefeller Institute for Medical Research,New York NY,USA
153,1930,188,Hans,Fischer,chemistry,1,"""for his researches into the constitution of haemin and chlorophyll and especially for his synthesis of haemin""",Hans Fischer,188,Hans,Fischer,male,1881-07-27,Germany,Hoechst,DE,31/03/1945,Germany,Munich,DE,Technische Hochschule (Institute of Technology),Munich,Germany
154,1930,495,Nathan,Söderblom,peace,1,"""for promoting Christian unity and helping create 'that new attitude of mind which is necessary if peace between nations is to become reality'""",Nathan Söderblom,495,Nathan,Söderblom,male,1866-01-15,Sweden,Trönö,SE,12/07/1931,Sweden,Uppsala,SE,,,
155,1930,37,Sir Chandrasekhara Venkata,Raman,physics,1,"""for his work on the scattering of light and for the discovery of the effect named after him""",Sir Chandrasekhara Venkata Raman,37,Sir Chandrasekhara Venkata,Raman,male,1888-11-07,India,Tiruchirappalli,IN,21/11/1970,India,Bangalore,IN,Calcutta University,Calcutta,India
156,1931,322,Otto,Warburg,medicine,1,"""for his discovery of the nature and mode of action of the respiratory enzyme""",Otto Warburg,322,Otto,Warburg,male,1883-10-08,Germany,Freiburg im Breisgau,DE,01/08/1970,West Germany (now Germany),West Berlin,DE,Kaiser-Wilhelm-Institut (now Max-Planck-Institut) für Biologie,Berlin-Dahlem,Germany
157,1931,189,Carl,Bosch,chemistry,2,"""in recognition of their contributions to the invention and development of chemical high pressure methods""",Carl Bosch,189,Carl,Bosch,male,1874-08-27,Germany,Cologne,DE,26/04/1940,Germany,Heidelberg,DE,University of Heidelberg,Heidelberg,Germany
158,1931,190,Friedrich,Bergius,chemistry,2,"""in recognition of their contributions to the invention and development of chemical high pressure methods""",Friedrich Bergius,190,Friedrich,Bergius,male,1884-10-11,Germany (now Poland),Goldschmieden near Breslau,PL,30/03/1949,Argentina,Buenos Aires,AR,University of Heidelberg,Heidelberg,Germany
159,1931,604,Erik Axel,Karlfeldt,literature,1,"""The poetry of Erik Axel Karlfeldt""",Erik Axel Karlfeldt,604,Erik Axel,Karlfeldt,male,1864-07-20,Sweden,Karlbo,SE,08/04/1931,Sweden,Stockholm,SE,,,
160,1931,496,Jane,Addams,peace,2,"""for their assiduous effort to revive the ideal of peace and to rekindle the spirit of peace in their own nation and in the whole of mankind""",Jane Addams,496,Jane,Addams,female,1860-09-06,USA,Cedarville IL,US,21/05/1935,USA,Chicago IL,US,,,
161,1931,497,Nicholas Murray,Butler,peace,2,"""for their assiduous effort to revive the ideal of peace and to rekindle the spirit of peace in their own nation and in the whole of mankind""",Nicholas Murray Butler,497,Nicholas Murray,Butler,male,1862-04-02,USA,Elizabeth NJ,US,07/12/1947,USA,New York NY,US,Columbia University,New York NY,USA
162,1932,324,Edgar,Adrian,medicine,2,"""for their discoveries regarding the functions of neurons""",Edgar Adrian,324,Edgar,Adrian,male,1889-11-30,United Kingdom,London,GB,08/08/1977,United Kingdom,Cambridge,GB,University of Cambridge,Cambridge,United Kingdom
163,1932,323,Sir Charles,Sherrington,medicine,2,"""for their discoveries regarding the functions of neurons""",Sir Charles Sherrington,323,Sir Charles,Sherrington,male,1857-11-27,United Kingdom,London,GB,04/03/1952,United Kingdom,Eastbourne,GB,University of Oxford,Oxford,United Kingdom
164,1932,38,Werner,Heisenberg,physics,1,"""for the creation of quantum mechanics the application of which has inter alia led to the discovery of the allotropic forms of hydrogen""",Werner Heisenberg,38,Werner,Heisenberg,male,05/12/1901,Germany,Würzburg,DE,01/02/1976,West Germany (now Germany),Munich,DE,Leipzig University,Leipzig,Germany
165,1932,605,John,Galsworthy,literature,1,"""for his distinguished art of narration which takes its highest form in <I>The Forsyte Saga</I>""",John Galsworthy,605,John,Galsworthy,male,1867-08-14,United Kingdom,Kingston Hill,GB,31/01/1933,United Kingdom,London,GB,,,
166,1932,191,Irving,Langmuir,chemistry,1,"""for his discoveries and investigations in surface chemistry""",Irving Langmuir,191,Irving,Langmuir,male,1881-01-31,USA,Brooklyn NY,US,16/08/1957,USA,Falmouth MA,US,General Electric Company,Schenectady NY,USA
167,1933,40,Paul A.M.,Dirac,physics,2,"""for the discovery of new productive forms of atomic theory""",Paul A.M. Dirac,40,Paul A.M.,Dirac,male,08/08/1902,United Kingdom,Bristol,GB,20/10/1984,USA,Tallahassee FL,US,University of Cambridge,Cambridge,United Kingdom
168,1933,39,Erwin,Schrödinger,physics,2,"""for the discovery of new productive forms of atomic theory""",Erwin Schrödinger,39,Erwin,Schrödinger,male,1887-08-12,Austria,Vienna,AT,04/01/1961,Austria,Vienna,AT,Berlin University,Berlin,Germany
169,1933,498,Sir Norman,Angell,peace,1,"""for having exposed by his pen the illusion of war and presented a convincing plea for international cooperation and peace""",Sir Norman Angell,498,Sir Norman,Angell,male,1872-12-26,United Kingdom,Holbeach,GB,07/10/1967,United Kingdom,Croydon,GB,,,
170,1933,325,Thomas H.,Morgan,medicine,1,"""for his discoveries concerning the role played by the chromosome in heredity""",Thomas H. Morgan,325,Thomas H.,Morgan,male,1866-09-25,USA,Lexington KY,US,04/12/1945,USA,Pasadena CA,US,California Institute of Technology (Caltech),Pasadena CA,USA
171,1933,606,Ivan,Bunin,literature,1,"""for the strict artistry with which he has carried on the classical Russian traditions in prose writing""",Ivan Bunin,606,Ivan,Bunin,male,1870-10-22,Russia,Voronezh,RU,08/11/1953,France,Paris,FR,,,
172,1934,326,George H.,Whipple,medicine,3,"""for their discoveries concerning liver therapy in cases of anaemia""",George H. Whipple,326,George H.,Whipple,male,1878-08-28,USA,Ashland NH,US,01/02/1976,USA,Rochester NY,US,University of Rochester,Rochester NY,USA
173,1934,192,Harold C.,Urey,chemistry,1,"""for his discovery of heavy hydrogen""",Harold C. Urey,192,Harold C.,Urey,male,1893-04-29,USA,Walkerton IN,US,05/01/1981,USA,La Jolla CA,US,Columbia University,New York NY,USA
174,1934,607,Luigi,Pirandello,literature,1,"""for his bold and ingenious revival of dramatic and scenic art""",Luigi Pirandello,607,Luigi,Pirandello,male,1867-06-28,Italy,Agrigento Sicily,IT,10/12/1936,Italy,Rome,IT,,,
175,1934,327,George R.,Minot,medicine,3,"""for their discoveries concerning liver therapy in cases of anaemia""",George R. Minot,327,George R.,Minot,male,1885-12-02,USA,Boston MA,US,25/02/1950,USA,Brookline MA,US,Harvard University,Cambridge MA,USA
176,1934,328,William P.,Murphy,medicine,3,"""for their discoveries concerning liver therapy in cases of anaemia""",William P. Murphy,328,William P.,Murphy,male,1892-02-06,USA,Stoughton WI,US,09/10/1987,USA,Brookline MA,US,Harvard University,Cambridge MA,USA
177,1934,499,Arthur,Henderson,peace,1,"""for his untiring struggle and his courageous efforts as Chairman of the League of Nations Disarmament Conference 1931-34""",Arthur Henderson,499,Arthur,Henderson,male,1863-09-13,Scotland,Glasgow,GB,20/10/1935,United Kingdom,London,GB,,,
178,1935,193,Frédéric,Joliot,chemistry,2,"""in recognition of their synthesis of new radioactive elements""",Frédéric Joliot,193,Frédéric,Joliot,male,19/03/1900,France,Paris,FR,14/08/1958,France,Paris,FR,Institut du Radium,Paris,France
179,1935,194,Irène,Joliot-Curie,chemistry,2,"""in recognition of their synthesis of new radioactive elements""",Irène Joliot-Curie,194,Irène,Joliot-Curie,female,1897-09-12,France,Paris,FR,17/03/1956,France,Paris,FR,Institut du Radium,Paris,France
180,1935,41,James,Chadwick,physics,1,"""for the discovery of the neutron""",James Chadwick,41,James,Chadwick,male,1891-10-20,United Kingdom,Manchester,GB,24/07/1974,United Kingdom,Cambridge,GB,Liverpool University,Liverpool,United Kingdom
181,1935,329,Hans,Spemann,medicine,1,"""for his discovery of the organizer effect in embryonic development""",Hans Spemann,329,Hans,Spemann,male,1869-06-27,Württemberg (now Germany),Stuttgart,DE,12/09/1941,Germany,Freiburg im Breisgau,DE,University of Freiburg im Breisgau,Breisgau,Germany
182,1935,500,Carl,von Ossietzky,peace,1,"""for his burning love for freedom of thought and expression and his valuable contribution to the cause of peace""",Carl von Ossietzky,500,Carl,von Ossietzky,male,1889-10-03,Germany,Hamburg,DE,04/05/1938,Germany,Berlin,DE,,,
183,1936,195,Peter,Debye,chemistry,1,"""for his contributions to our knowledge of molecular structure through his investigations on dipole moments and on the diffraction of X-rays and electrons in gases""",Peter Debye,195,Peter,Debye,male,1884-03-24,the Netherlands,Maastricht,NL,02/11/1966,USA,Ithaca NY,US,Berlin University,Berlin,Germany
184,1936,331,Otto,Loewi,medicine,2,"""for their discoveries relating to chemical transmission of nerve impulses""",Otto Loewi,331,Otto,Loewi,male,1873-06-03,Germany,Frankfurt-on-the-Main,DE,25/12/1961,USA,New York NY,US,Graz University,Graz,Austria
185,1936,42,Victor F.,Hess,physics,2,"""for his discovery of cosmic radiation""",Victor F. Hess,42,Victor F.,Hess,male,1883-06-24,Austria,Peggau,AT,17/12/1964,USA,Mount Vernon NY,US,Innsbruck University,Innsbruck,Austria
186,1936,330,Sir Henry,Dale,medicine,2,"""for their discoveries relating to chemical transmission of nerve impulses""",Sir Henry Dale,330,Sir Henry,Dale,male,1875-06-09,United Kingdom,London,GB,23/07/1968,United Kingdom,Cambridge,GB,National Institute for Medical Research,London,United Kingdom
187,1936,43,Carl D.,Anderson,physics,2,"""for his discovery of the positron""",Carl D. Anderson,43,Carl D.,Anderson,male,03/09/1905,USA,New York NY,US,11/01/1991,USA,San Marino CA,US,California Institute of Technology (Caltech),Pasadena CA,USA
188,1936,501,Carlos,Saavedra Lamas,peace,1,"""for his role as father of the Argentine Antiwar Pact of 1933 which he also used as a means to mediate peace between Paraguay and Bolivia in 1935""",Carlos Saavedra Lamas,501,Carlos,Saavedra Lamas,male,1878-11-01,Argentina,Buenos Aires,AR,05/05/1959,Argentina,Buenos Aires,AR,,,
189,1936,608,Eugene,O'Neill,literature,1,"""for the power honesty and deep-felt emotions of his dramatic works which embody an original concept of tragedy""",Eugene O'Neill,608,Eugene,O'Neill,male,1888-10-16,USA,New York NY,US,27/11/1953,USA,Boston MA,US,,,
190,1937,45,George Paget,Thomson,physics,2,"""for their experimental discovery of the diffraction of electrons by crystals""",George Paget Thomson,45,George Paget,Thomson,male,1892-05-03,United Kingdom,Cambridge,GB,10/09/1975,United Kingdom,Cambridge,GB,London University,London,United Kingdom
191,1937,332,Albert,Szent-Györgyi,medicine,1,"""for his discoveries in connection with the biological combustion processes with special reference to vitamin C and the catalysis of fumaric acid""",Albert Szent-Györgyi,332,Albert,Szent-Györgyi,male,1893-09-16,Austria-Hungary (now Hungary),Budapest,HU,22/10/1986,USA,Woods Hole MA,US,Szeged University,Szeged,Hungary
192,1937,196,Norman,Haworth,chemistry,2,"""for his investigations on carbohydrates and vitamin C""",Norman Haworth,196,Norman,Haworth,male,1883-03-19,United Kingdom,Chorley,GB,19/03/1950,United Kingdom,Birmingham,GB,Birmingham University,Birmingham,United Kingdom
193,1937,44,Clinton,Davisson,physics,2,"""for their experimental discovery of the diffraction of electrons by crystals""",Clinton Davisson,44,Clinton,Davisson,male,1881-10-22,USA,Bloomington IL,US,01/02/1958,USA,Charlottesville VA,US,Bell Telephone Laboratories,New York NY,USA
194,1937,502,Robert,Cecil,peace,1,"""for his tireless effort in support of the League of Nations disarmament and peace""",Robert Cecil,502,Robert,Cecil,male,1864-09-14,United Kingdom,London,GB,24/11/1958,United Kingdom,Tunbridge Wells,GB,,,
195,1937,609,Roger,Martin du Gard,literature,1,"""for the artistic power and truth with which he has depicted human conflict as well as some fundamental aspects of contemporary life in his novel-cycle <I>Les Thibault</I>""",Roger Martin du Gard,609,Roger,Martin du Gard,male,1881-03-23,France,Neuilly-sur-Seine,FR,22/08/1958,France,Bellême,FR,,,
196,1937,197,Paul,Karrer,chemistry,2,"""for his investigations on carotenoids flavins and vitamins A and B2""",Paul Karrer,197,Paul,Karrer,male,1889-04-21,Russia,Moscow,RU,18/06/1971,Switzerland,Zurich,CH,University of Zurich,Zurich,Switzerland
197,1938,46,Enrico,Fermi,physics,1,"""for his demonstrations of the existence of new radioactive elements produced by neutron irradiation and for his related discovery of nuclear reactions brought about by slow neutrons""",Enrico Fermi,46,Enrico,Fermi,male,29/09/1901,Italy,Rome,IT,28/11/1954,USA,Chicago IL,US,Rome University,Rome,Italy
198,1938,198,Richard,Kuhn,chemistry,1,"""for his work on carotenoids and vitamins""",Richard Kuhn,198,Richard,Kuhn,male,03/12/1900,Austria-Hungary (now Austria),Vienna,AT,31/07/1967,West Germany (now Germany),Heidelberg,DE,Kaiser-Wilhelm-Institut (now Max-Planck Institut) für Medizinische Forschung,Heidelberg,Germany
199,1938,333,Corneille,Heymans,medicine,1,"""for the discovery of the role played by the sinus and aortic mechanisms in the regulation of respiration""",Corneille Heymans,333,Corneille,Heymans,male,1892-03-28,Belgium,Ghent,BE,18/07/1968,Belgium,Knokke,BE,Ghent University,Ghent,Belgium
200,1938,503,Nansen International Office for Refugees,,peace,1,"""for having carried on the work of Fridtjof Nansen to the benefit of refugees across Europe""",,467,Institute of International Law,,org,1873-00-00,,,,0000-00-00,,,,,,
201,1938,610,Pearl,Buck,literature,1,"""for her rich and truly epic descriptions of peasant life in China and for her biographical masterpieces""",Pearl Buck,610,Pearl,Buck,female,1892-06-26,USA,Hillsboro WV,US,06/03/1973,USA,Danby VT,US,,,
202,1939,334,Gerhard,Domagk,medicine,1,"""for the discovery of the antibacterial effects of prontosil""",Gerhard Domagk,334,Gerhard,Domagk,male,1895-10-30,Germany (now Poland),Lagow,PL,24/04/1964,West Germany (now Germany),Burgberg,DE,Munster University,Munster,Germany
203,1939,47,Ernest,Lawrence,physics,1,"""for the invention and development of the cyclotron and for results obtained with it especially with regard to artificial radioactive elements""",Ernest Lawrence,47,Ernest,Lawrence,male,08/08/1901,USA,Canton SD,US,27/08/1958,USA,Palo Alto CA,US,University of California,Berkeley CA,USA
204,1939,200,Leopold,Ruzicka,chemistry,2,"""for his work on polymethylenes and higher terpenes""",Leopold Ruzicka,200,Leopold,Ruzicka,male,1887-09-13,Austria-Hungary (now Croatia),Vukovar,HR,26/09/1976,Switzerland,Zurich,CH,Eidgenössische Technische Hochschule (Swiss Federal Institute of Technology),Zurich,Switzerland
205,1939,199,Adolf,Butenandt,chemistry,2,"""for his work on sex hormones""",Adolf Butenandt,199,Adolf,Butenandt,male,24/03/1903,Germany,Bremerhaven-Lehe,DE,18/01/1995,Germany,Munich,DE,Kaiser-Wilhelm-Institut (now Max-Planck-Institut) für Biochemie,Berlin-Dahlem,Germany
206,1939,613,Frans Eemil,Sillanpää,literature,1,"""for his deep understanding of his country's peasantry and the exquisite art with which he has portrayed their way of life and their relationship with Nature""",Frans Eemil Sillanpää,613,Frans Eemil,Sillanpää,male,1888-09-16,Russian Empire (now Finland),Hämeenkyrö,FI,03/06/1964,Finland,Helsinki,FI,,,
207,1943,335,Henrik,Dam,medicine,2,"""for his discovery of vitamin K""",Henrik Dam,335,Henrik,Dam,male,1895-02-21,Denmark,Copenhagen,DK,17/04/1976,Denmark,Copenhagen,DK,Polytechnic Institute,Copenhagen,Denmark
208,1943,336,Edward A.,Doisy,medicine,2,"""for his discovery of the chemical nature of vitamin K""",Edward A. Doisy,336,Edward A.,Doisy,male,1893-11-13,USA,Hume IL,US,23/10/1986,USA,St. Louis MO,US,Saint Louis University,St. Louis MO,USA
209,1943,201,George,de Hevesy,chemistry,1,"""for his work on the use of isotopes as tracers in the study of chemical processes""",George de Hevesy,201,George,de Hevesy,male,1885-08-01,Austria-Hungary (now Hungary),Budapest,HU,05/07/1966,West Germany (now Germany),Freiburg im Breisgau,DE,Stockholm University,Stockholm,Sweden
210,1943,48,Otto,Stern,physics,1,"""for his contribution to the development of the molecular ray method and his discovery of the magnetic moment of the proton""",Otto Stern,48,Otto,Stern,male,1888-02-17,Germany (now Poland),Sorau (now Zory),PL,17/08/1969,USA,Berkeley CA,US,Carnegie Institute of Technology,Pittsburgh PA,USA
211,1944,337,Joseph,Erlanger,medicine,2,"""for their discoveries relating to the highly differentiated functions of single nerve fibres""",Joseph Erlanger,337,Joseph,Erlanger,male,1874-01-05,USA,San Francisco CA,US,05/12/1965,USA,St. Louis MO,US,Washington University,St. Louis MO,USA
212,1944,614,Johannes V.,Jensen,literature,1,"""for the rare strength and fertility of his poetic imagination with which is combined an intellectual curiosity of wide scope and a bold freshly creative style""",Johannes V. Jensen,614,Johannes V.,Jensen,male,1873-01-20,Denmark,Farsø,DK,25/11/1950,Denmark,Copenhagen,DK,,,
213,1944,338,Herbert S.,Gasser,medicine,2,"""for their discoveries relating to the highly differentiated functions of single nerve fibres""",Herbert S. Gasser,338,Herbert S.,Gasser,male,1888-07-05,USA,Platteville WI,US,11/05/1963,USA,New York NY,US,Rockefeller Institute for Medical Research,New York NY,USA
214,1944,202,Otto,Hahn,chemistry,1,"""for his discovery of the fission of heavy nuclei""",Otto Hahn,202,Otto,Hahn,male,1879-03-08,Germany,Frankfurt-on-the-Main,DE,28/07/1968,West Germany (now Germany),Göttingen,DE,Kaiser-Wilhelm-Institut (now Max-Planck Institut) für Chemie,Berlin-Dahlem,Germany
215,1944,482,International Committee of the Red Cross,,peace,1,"""for the great work it has performed during the war on behalf of humanity""",,467,Institute of International Law,,org,1873-00-00,,,,0000-00-00,,,,,,
216,1944,49,Isidor Isaac,Rabi,physics,1,"""for his resonance method for recording the magnetic properties of atomic nuclei""",Isidor Isaac Rabi,49,Isidor Isaac,Rabi,male,1898-07-29,Austria-Hungary (now Poland),Rymanow,PL,11/01/1988,USA,New York NY,US,Columbia University,New York NY,USA
217,1945,50,Wolfgang,Pauli,physics,1,"""for the discovery of the Exclusion Principle also called the Pauli Principle""",Wolfgang Pauli,50,Wolfgang,Pauli,male,25/04/1900,Austria,Vienna,AT,15/12/1958,Switzerland,Zurich,CH,Princeton University,Princeton NJ,USA
218,1945,615,Gabriela,Mistral,literature,1,"""for her lyric poetry which inspired by powerful emotions has made her name a symbol of the idealistic aspirations of the entire Latin American world""",Gabriela Mistral,615,Gabriela,Mistral,female,1889-04-07,Chile,Vicuña,CL,10/01/1957,USA,Hempstead NY,US,,,
219,1945,203,Artturi,Virtanen,chemistry,1,"""for his research and inventions in agricultural and nutrition chemistry especially for his fodder preservation method""",Artturi Virtanen,203,Artturi,Virtanen,male,1895-01-15,Russian Empire (now Finland),Helsinki,FI,11/11/1973,Finland,Helsinki,FI,University of Helsinki,Helsinki,Finland
220,1945,505,Cordell,Hull,peace,1,"""for his indefatigable work for international understanding and his pivotal role in establishing the United Nations""",Cordell Hull,505,Cordell,Hull,male,1871-10-02,USA,Olympus TN,US,23/07/1955,USA,Bethesda MD,US,,,
221,1945,339,Sir Alexander,Fleming,medicine,3,"""for the discovery of penicillin and its curative effect in various infectious diseases""",Sir Alexander Fleming,339,Sir Alexander,Fleming,male,1881-08-06,Scotland,Lochfield,GB,11/03/1955,United Kingdom,London,GB,London University,London,United Kingdom
222,1945,340,Ernst B.,Chain,medicine,3,"""for the discovery of penicillin and its curative effect in various infectious diseases""",Ernst B. Chain,340,Ernst B.,Chain,male,19/06/1906,Germany,Berlin,DE,12/08/1979,Ireland,Mulrany,IE,University of Oxford,Oxford,United Kingdom
223,1945,341,Sir Howard,Florey,medicine,3,"""for the discovery of penicillin and its curative effect in various infectious diseases""",Sir Howard Florey,341,Sir Howard,Florey,male,1898-09-24,Australia,Adelaide,AU,21/02/1968,United Kingdom,Oxford,GB,University of Oxford,Oxford,United Kingdom
224,1946,507,John R.,Mott,peace,2,"""for his contribution to the creation of a peace-promoting religious brotherhood across national boundaries""",John R. Mott,507,John R.,Mott,male,1865-05-25,USA,Livingston Manor NY,US,31/01/1955,USA,,US,,,
225,1946,51,Percy W.,Bridgman,physics,1,"""for the invention of an apparatus to produce extremely high pressures and for the discoveries he made therewith in the field of high pressure physics""",Percy W. Bridgman,51,Percy W.,Bridgman,male,1882-04-21,USA,Cambridge MA,US,20/08/1961,USA,Randolph NH,US,Harvard University,Cambridge MA,USA
226,1946,204,James B.,Sumner,chemistry,2,"""for his discovery that enzymes can be crystallized""",James B. Sumner,204,James B.,Sumner,male,1887-11-19,USA,Canton MA,US,12/08/1955,USA,Buffalo NY,US,Cornell University,Ithaca NY,USA
227,1946,205,John H.,Northrop,chemistry,4,"""for their preparation of enzymes and virus proteins in a pure form""",John H. Northrop,205,John H.,Northrop,male,1891-07-05,USA,Yonkers NY,US,27/05/1987,USA,Wickenberg AZ,US,Rockefeller Institute for Medical Research,Princeton NJ,USA
228,1946,206,Wendell M.,Stanley,chemistry,4,"""for their preparation of enzymes and virus proteins in a pure form""",Wendell M. Stanley,206,Wendell M.,Stanley,male,16/08/1904,USA,Ridgeville IN,US,15/06/1971,Spain,Salamanca,ES,Rockefeller Institute for Medical Research,Princeton NJ,USA
229,1946,342,Hermann J.,Muller,medicine,1,"""for the discovery of the production of mutations by means of X-ray irradiation""",Hermann J. Muller,342,Hermann J.,Muller,male,1890-12-21,USA,New York NY,US,05/04/1967,USA,Indianapolis IN,US,Indiana University,Bloomington IN,USA
230,1946,506,Emily Greene,Balch,peace,2,"""for her lifelong work for the cause of peace""",Emily Greene Balch,506,Emily Greene,Balch,female,1867-01-08,USA,Jamaica Plain MA (now Boston MA),US,09/01/1961,USA,Cambridge MA,US,,,
231,1946,617,Hermann,Hesse,literature,1,"""for his inspired writings which while growing in boldness and penetration exemplify the classical humanitarian ideals and high qualities of style""",Hermann Hesse,617,Hermann,Hesse,male,1877-07-02,Germany,Calw,DE,09/08/1962,Switzerland,Montagnola,CH,,,
232,1947,344,Gerty,Cori,medicine,4,"""for their discovery of the course of the catalytic conversion of glycogen""",Gerty Cori,344,Gerty,Cori,female,1896-08-15,Austria-Hungary (now Czech Republic),Prague,CZ,26/10/1957,USA,St. Louis MO,US,Washington University,St. Louis MO,USA
233,1947,345,Bernardo,Houssay,medicine,2,"""for his discovery of the part played by the hormone of the anterior pituitary lobe in the metabolism of sugar""",Bernardo Houssay,345,Bernardo,Houssay,male,1887-04-10,Argentina,Buenos Aires,AR,21/09/1971,Argentina,Buenos Aires,AR,Instituto de Biologia y Medicina Experimental (Institute for Biology and Experimental Medicine),Buenos Aires,Argentina
234,1947,52,Edward V.,Appleton,physics,1,"""for his investigations of the physics of the upper atmosphere especially for the discovery of the so-called Appleton layer""",Edward V. Appleton,52,Edward V.,Appleton,male,1892-09-06,United Kingdom,Bradford,GB,21/04/1965,Scotland,Edinburgh,GB,Department of Scientific and Industrial Research,London,United Kingdom
235,1947,618,André,Gide,literature,1,"""for his comprehensive and artistically significant writings in which human problems and conditions have been presented with a fearless love of truth and keen psychological insight""",André Gide,618,André,Gide,male,1869-11-22,France,Paris,FR,19/02/1951,France,Paris,FR,,,
236,1947,207,Sir Robert,Robinson,chemistry,1,"""for his investigations on plant products of biological importance especially the alkaloids""",Sir Robert Robinson,207,Sir Robert,Robinson,male,1886-09-13,United Kingdom,Rufford near Chesterfield,GB,08/02/1975,United Kingdom,Great Missenden,GB,University of Oxford,Oxford,United Kingdom
237,1947,508,Friends Service Council,,peace,2,"""for their pioneering work in the international peace movement and compassionate effort to relieve human suffering thereby promoting the fraternity between nations""",,467,Institute of International Law,,org,1873-00-00,,,,0000-00-00,,,,,,
238,1947,509,American Friends Service Committee,,peace,2,"""for their pioneering work in the international peace movement and compassionate effort to relieve human suffering thereby promoting the fraternity between nations""",,467,Institute of International Law,,org,1873-00-00,,,,0000-00-00,,,,,,
239,1947,343,Carl,Cori,medicine,4,"""for their discovery of the course of the catalytic conversion of glycogen""",Carl Cori,343,Carl,Cori,male,1896-12-05,Austria-Hungary (now Czech Republic),Prague,CZ,20/10/1984,USA,Cambridge MA,US,Washington University,St. Louis MO,USA
240,1948,346,Paul,Müller,medicine,1,"""for his discovery of the high efficiency of DDT as a contact poison against several arthropods""",Paul Müller,346,Paul,Müller,male,1899-01-12,Switzerland,Olten,CH,12/10/1965,Switzerland,Basel,CH,Laboratorium der Farben-Fabriken J.R. Geigy A.G. (Laboratory of the J.R. Geigy Dye-Factory Co.),Basel,Switzerland
241,1948,619,T.S.,Eliot,literature,1,"""for his outstanding pioneer contribution to present-day poetry""",T.S. Eliot,619,T.S.,Eliot,male,1888-09-26,USA,St. Louis MO,US,04/01/1965,United Kingdom,London,GB,,,
242,1948,208,Arne,Tiselius,chemistry,1,"""for his research on electrophoresis and adsorption analysis especially for his discoveries concerning the complex nature of the serum proteins""",Arne Tiselius,208,Arne,Tiselius,male,10/08/1902,Sweden,Stockholm,SE,29/10/1971,Sweden,Uppsala,SE,Uppsala University,Uppsala,Sweden
243,1948,53,Patrick M.S.,Blackett,physics,1,"""for his development of the Wilson cloud chamber method and his discoveries therewith in the fields of nuclear physics and cosmic radiation""",Patrick M.S. Blackett,53,Patrick M.S.,Blackett,male,1897-11-18,United Kingdom,London,GB,13/07/1974,United Kingdom,London,GB,Victoria University,Manchester,United Kingdom
244,1949,348,Egas,Moniz,medicine,2,"""for his discovery of the therapeutic value of leucotomy in certain psychoses""",Egas Moniz,348,Egas,Moniz,male,1874-11-29,Portugal,Avanca,PT,13/12/1955,Portugal,Lisbon,PT,University of Lisbon,Lisbon,Portugal
245,1949,209,William F.,Giauque,chemistry,1,"""for his contributions in the field of chemical thermodynamics particularly concerning the behaviour of substances at extremely low temperatures""",William F. Giauque,209,William F.,Giauque,male,1895-05-12,Canada,Niagara Falls,CA,28/03/1982,USA,Berkeley CA,US,University of California,Berkeley CA,USA
246,1949,347,Walter,Hess,medicine,2,"""for his discovery of the functional organization of the interbrain as a coordinator of the activities of the internal organs""",Walter Hess,347,Walter,Hess,male,1881-03-17,Switzerland,Frauenfeld,CH,12/08/1973,Switzerland,Ascona,CH,University of Zurich,Zurich,Switzerland
247,1949,620,William,Faulkner,literature,1,"""for his powerful and artistically unique contribution to the modern American novel""",William Faulkner,620,William,Faulkner,male,1897-09-25,USA,New Albany MS,US,06/07/1962,USA,Byhalia MS,US,,,
248,1949,510,John,Boyd Orr,peace,1,"""for his lifelong effort to conquer hunger and want thereby helping to remove a major cause of military conflict and war""",John Boyd Orr,510,John,Boyd Orr,male,1880-09-23,Scotland,Kilmaurs,GB,25/06/1971,Scotland,Edzell,GB,,,
249,1949,54,Hideki,Yukawa,physics,1,"""for his prediction of the existence of mesons on the basis of theoretical work on nuclear forces""",Hideki Yukawa,54,Hideki,Yukawa,male,23/01/1907,Japan,Tokyo,JP,08/09/1981,Japan,Kyoto,JP,Columbia University,New York NY,USA
250,1950,621,Bertrand,Russell,literature,1,"""in recognition of his varied and significant writings in which he champions humanitarian ideals and freedom of thought""",Bertrand Russell,621,Bertrand,Russell,male,1872-05-18,United Kingdom,Trelleck,GB,02/02/1970,United Kingdom,Penrhyndeudraeth,GB,,,
251,1950,511,Ralph,Bunche,peace,1,"""for his work as mediator in Palestine in 1948-1949""",Ralph Bunche,511,Ralph,Bunche,male,07/08/1904,USA,Detroit MI,US,09/12/1971,USA,New York NY,US,Harvard University,Cambridge MA,USA
252,1950,351,Philip S.,Hench,medicine,3,"""for their discoveries relating to the hormones of the adrenal cortex their structure and biological effects""",Philip S. Hench,351,Philip S.,Hench,male,1896-02-28,USA,Pittsburgh PA,US,30/03/1965,Jamaica,Ocho Rios,JM,Mayo Clinic,Rochester MN,USA
253,1950,350,Tadeus,Reichstein,medicine,3,"""for their discoveries relating to the hormones of the adrenal cortex their structure and biological effects""",Tadeus Reichstein,350,Tadeus,Reichstein,male,1897-07-20,Poland,Wloclawek,PL,01/08/1996,Switzerland,Basel,CH,Basel University,Basel,Switzerland
254,1950,349,Edward C.,Kendall,medicine,3,"""for their discoveries relating to the hormones of the adrenal cortex their structure and biological effects""",Edward C. Kendall,349,Edward C.,Kendall,male,1886-03-08,USA,South Norwalk CT,US,04/05/1972,USA,Princeton NJ,US,Mayo Clinic,Rochester MN,USA
255,1950,211,Kurt,Alder,chemistry,2,"""for their discovery and development of the diene synthesis""",Kurt Alder,211,Kurt,Alder,male,10/07/1902,Prussia (now Poland),Königshütte (now Chorzów),PL,20/06/1958,West Germany (now Germany),Cologne,DE,Cologne University,Cologne,Germany
256,1950,55,Cecil,Powell,physics,1,"""for his development of the photographic method of studying nuclear processes and his discoveries regarding mesons made with this method""",Cecil Powell,55,Cecil,Powell,male,05/12/1903,United Kingdom,Tonbridge,GB,09/08/1969,Italy,,IT,Bristol University,Bristol,United Kingdom
257,1950,210,Otto,Diels,chemistry,2,"""for their discovery and development of the diene synthesis""",Otto Diels,210,Otto,Diels,male,1876-01-23,Germany,Hamburg,DE,07/03/1954,West Germany (now Germany),Kiel,DE,Kiel University,Kiel,Germany
258,1951,512,Léon,Jouhaux,peace,1,"""for having devoted his life to the fight against war through the promotion of social justice and brotherhood among men and nations""",Léon Jouhaux,512,Léon,Jouhaux,male,1879-07-01,France,Paris,FR,28/04/1954,France,Paris,FR,,,
259,1951,622,Pär,Lagerkvist,literature,1,"""for the artistic vigour and true independence of mind with which he endeavours in his poetry to find answers to the eternal questions confronting mankind""",Pär Lagerkvist,622,Pär,Lagerkvist,male,1891-05-23,Sweden,Växjö,SE,11/07/1974,Sweden,Stockholm,SE,,,
260,1951,57,Ernest T.S.,Walton,physics,2,"""for their pioneer work on the transmutation of atomic nuclei by artificially accelerated atomic particles""",Ernest T.S. Walton,57,Ernest T.S.,Walton,male,06/10/1903,Ireland,Dungarvan,IE,25/06/1995,Northern Ireland,Belfast,GB,Trinity College,Dublin,Ireland
261,1951,56,John,Cockcroft,physics,2,"""for their pioneer work on the transmutation of atomic nuclei by artificially accelerated atomic particles""",John Cockcroft,56,John,Cockcroft,male,1897-05-27,United Kingdom,Todmorden,GB,18/09/1967,United Kingdom,Cambridge,GB,Atomic Energy Research Establishment,Harwell Berkshire,United Kingdom
262,1951,212,Edwin M.,McMillan,chemistry,2,"""for their discoveries in the chemistry of the transuranium elements""",Edwin M. McMillan,212,Edwin M.,McMillan,male,18/09/1907,USA,Redondo Beach CA,US,07/09/1991,USA,El Cerrito CA,US,University of California,Berkeley CA,USA
263,1951,352,Max,Theiler,medicine,1,"""for his discoveries concerning yellow fever and how to combat it""",Max Theiler,352,Max,Theiler,male,1899-01-30,South Africa,Pretoria,ZA,11/08/1972,USA,New Haven CT,US,Laboratories of the Division of Medicine and Public Health Rockefeller Foundation,New York NY,USA
264,1951,213,Glenn T.,Seaborg,chemistry,2,"""for their discoveries in the chemistry of the transuranium elements""",Glenn T. Seaborg,213,Glenn T.,Seaborg,male,19/04/1912,USA,Ishpeming MI,US,25/02/1999,USA,Lafayette CA,US,University of California,Berkeley CA,USA
265,1952,58,Felix,Bloch,physics,2,"""for their development of new methods for nuclear magnetic precision measurements and discoveries in connection therewith""",Felix Bloch,58,Felix,Bloch,male,23/10/1905,Switzerland,Zurich,CH,10/09/1983,Switzerland,Zurich,CH,Stanford University,Stanford CA,USA
266,1952,215,Richard L.M.,Synge,chemistry,2,"""for their invention of partition chromatography""",Richard L.M. Synge,215,Richard L.M.,Synge,male,28/10/1914,United Kingdom,Liverpool,GB,18/08/1994,United Kingdom,Norwich,GB,Rowett Research Institute,Bucksburn (Scotland),United Kingdom
267,1952,513,Albert,Schweitzer,peace,1,"""for his altruism reverence for life and tireless humanitarian work which has helped making the idea of brotherhood between men and nations a living one""",Albert Schweitzer,513,Albert,Schweitzer,male,1875-01-14,Germany (now France),Kaysersberg,FR,04/09/1965,Gabon,Lambaréné,GA,,,
268,1952,353,Selman A.,Waksman,medicine,1,"""for his discovery of streptomycin the first antibiotic effective against tuberculosis""",Selman A. Waksman,353,Selman A.,Waksman,male,1888-07-22,Russian Empire (now Ukraine),Priluka (now Nova Pryluka),UA,16/08/1973,USA,Hyannis MA,US,Rutgers University,New Brunswick NJ,USA
269,1952,214,Archer J.P.,Martin,chemistry,2,"""for their invention of partition chromatography""",Archer J.P. Martin,214,Archer J.P.,Martin,male,01/03/1910,United Kingdom,London,GB,28/07/2002,United Kingdom,Llangarron,GB,National Institute for Medical Research,London,United Kingdom
270,1952,59,E. M.,Purcell,physics,2,"""for their development of new methods for nuclear magnetic precision measurements and discoveries in connection therewith""",E. M. Purcell,59,E. M.,Purcell,male,30/08/1912,USA,Taylorville IL,US,07/03/1997,USA,Cambridge MA,US,Harvard University,Cambridge MA,USA
271,1952,623,François,Mauriac,literature,1,"""for the deep spiritual insight and the artistic intensity with which he has in his novels penetrated the drama of human life""",François Mauriac,623,François,Mauriac,male,1885-10-11,France,Bordeaux,FR,01/09/1970,France,Paris,FR,,,
272,1953,514,George C.,Marshall,peace,1,"""for proposing and supervising the plan for the economic recovery of Europe""",George C. Marshall,514,George C.,Marshall,male,1880-12-31,USA,Uniontown PA,US,16/10/1959,USA,Washington D.C.,US,,,
273,1953,354,Hans,Krebs,medicine,2,"""for his discovery of the citric acid cycle""",Hans Krebs,354,Hans,Krebs,male,25/08/1900,Germany,Hildesheim,DE,22/11/1981,United Kingdom,Oxford,GB,Sheffield University,Sheffield,United Kingdom
274,1953,355,Fritz,Lipmann,medicine,2,"""for his discovery of co-enzyme A and its importance for intermediary metabolism""",Fritz Lipmann,355,Fritz,Lipmann,male,1899-06-12,Germany (now Russia),Koenigsberg (now Kaliningrad),RU,24/07/1986,USA,Poughkeepsie NY,US,Harvard Medical School,Boston MA,USA
275,1953,60,Frits,Zernike,physics,1,"""for his demonstration of the phase contrast method especially for his invention of the phase contrast microscope""",Frits Zernike,60,Frits,Zernike,male,1888-07-16,the Netherlands,Amsterdam,NL,10/03/1966,the Netherlands,Groningen,NL,Groningen University,Groningen,the Netherlands
276,1953,216,Hermann,Staudinger,chemistry,1,"""for his discoveries in the field of macromolecular chemistry""",Hermann Staudinger,216,Hermann,Staudinger,male,1881-03-23,Germany,Worms,DE,08/09/1965,West Germany (now Germany),Freiburg im Breisgau,DE,University of Freiburg,Breisgau,Germany
277,1953,624,Winston,Churchill,literature,1,"""for his mastery of historical and biographical description as well as for brilliant oratory in defending exalted human values""",Winston Churchill,624,Winston,Churchill,male,1874-11-30,United Kingdom,Woodstock,GB,24/01/1965,United Kingdom,London,GB,,,
278,1954,356,John F.,Enders,medicine,3,"""for their discovery of the ability of poliomyelitis viruses to grow in cultures of various types of tissue""",John F. Enders,356,John F.,Enders,male,1897-02-10,USA,West Hartford CT,US,08/09/1985,USA,Waterford CT,US,Harvard Medical School,Boston MA,USA
279,1954,357,Thomas H.,Weller,medicine,3,"""for their discovery of the ability of poliomyelitis viruses to grow in cultures of various types of tissue""",Thomas H. Weller,357,Thomas H.,Weller,male,15/06/1915,USA,Ann Arbor MI,US,23/08/2008,USA,Needham MA,US,Research Division of Infectious Diseases Children's Medical Center,Boston MA,USA
280,1954,358,Frederick C.,Robbins,medicine,3,"""for their discovery of the ability of poliomyelitis viruses to grow in cultures of various types of tissue""",Frederick C. Robbins,358,Frederick C.,Robbins,male,25/08/1916,USA,Auburn AL,US,04/08/2003,USA,Cleveland OH,US,Western Reserve University,Cleveland OH,USA
281,1954,217,Linus,Pauling,chemistry,1,"""for his research into the nature of the chemical bond and its application to the elucidation of the structure of complex substances""",Linus Pauling,217,Linus,Pauling,male,28/02/1901,USA,Portland OR,US,19/08/1994,USA,Big Sur CA,US,California Institute of Technology (Caltech),Pasadena CA,USA
282,1954,61,Max,Born,physics,2,"""for his fundamental research in quantum mechanics especially for his statistical interpretation of the wavefunction""",Max Born,61,Max,Born,male,1882-12-11,Germany (now Poland),Breslau (now Wroclaw),PL,05/01/1970,West Germany (now Germany),Göttingen,DE,Edinburgh University,Edinburgh,United Kingdom
283,1954,62,Walther,Bothe,physics,2,"""for the coincidence method and his discoveries made therewith""",Walther Bothe,62,Walther,Bothe,male,1891-01-08,Germany,Oranienburg,DE,08/02/1957,West Germany (now Germany),Heidelberg,DE,University of Heidelberg,Heidelberg,Germany
284,1954,625,Ernest,Hemingway,literature,1,"""for his mastery of the art of narrative most recently demonstrated in <I>The Old Man and the Sea</I> and for the influence that he has exerted on contemporary style""",Ernest Hemingway,625,Ernest,Hemingway,male,1899-07-21,USA,Oak Park IL,US,02/07/1961,USA,Ketchum ID,US,,,
285,1954,515,Office of the United Nations High Commissioner for Refugees,,peace,1,"""for its efforts to heal the wounds of war by providing help and protection to refugees all over the world""",,467,Institute of International Law,,org,1873-00-00,,,,0000-00-00,,,,,,
286,1955,626,Halldór,Laxness,literature,1,"""for his vivid epic power which has renewed the great narrative art of Iceland""",Halldór Laxness,626,Halldór,Laxness,male,23/04/1902,Iceland,Reykjavik,IS,08/02/1998,Iceland,Reykjavik,IS,,,
287,1955,64,Polykarp,Kusch,physics,2,"""for his precision determination of the magnetic moment of the electron""",Polykarp Kusch,64,Polykarp,Kusch,male,26/01/1911,Germany,Blankenburg,DE,20/03/1993,USA,Dallas TX,US,Columbia University,New York NY,USA
288,1955,63,Willis E.,Lamb,physics,2,"""for his discoveries concerning the fine structure of the hydrogen spectrum""",Willis E. Lamb,63,Willis E.,Lamb,male,12/07/1913,USA,Los Angeles CA,US,15/05/2008,USA,Tucson AZ,US,Stanford University,Stanford CA,USA
289,1955,359,Hugo,Theorell,medicine,1,"""for his discoveries concerning the nature and mode of action of oxidation enzymes""",Hugo Theorell,359,Hugo,Theorell,male,06/07/1903,Sweden,Linköping,SE,15/08/1982,Sweden,Stockholm,SE,Karolinska Institutet Nobel Medical Institute,Stockholm,Sweden
290,1955,218,Vincent,du Vigneaud,chemistry,1,"""for his work on biochemically important sulphur compounds especially for the first synthesis of a polypeptide hormone""",Vincent du Vigneaud,218,Vincent,du Vigneaud,male,18/05/1901,USA,Chicago IL,US,11/12/1978,USA,White Plains NY,US,Cornell University,Ithaca NY,USA
291,1956,361,Werner,Forssmann,medicine,3,"""for their discoveries concerning heart catheterization and pathological changes in the circulatory system""",Werner Forssmann,361,Werner,Forssmann,male,29/08/1904,Germany,Berlin,DE,01/06/1979,West Germany (now Germany),Schopfheim,DE,Mainz University,Mainz,Germany
292,1956,360,André F.,Cournand,medicine,3,"""for their discoveries concerning heart catheterization and pathological changes in the circulatory system""",André F. Cournand,360,André F.,Cournand,male,1895-09-24,France,Paris,FR,19/02/1988,USA,Great Barrington MA,US,Columbia University Division Cardio-Pulmonary Laboratory Bellevue Hospital,New York NY,USA
293,1956,67,Walter H.,Brattain,physics,3,"""for their researches on semiconductors and their discovery of the transistor effect""",Walter H. Brattain,67,Walter H.,Brattain,male,10/02/1902,China,Amoy,CN,13/10/1987,USA,Seattle WA,US,Bell Telephone Laboratories,Murray Hill NJ,USA
294,1956,220,Nikolay,Semenov,chemistry,2,"""for their researches into the mechanism of chemical reactions""",Nikolay Semenov,220,Nikolay,Semenov,male,1896-04-03,Russia,Saratov,RU,25/09/1986,USSR (now Russia),Moscow,RU,Institute for Chemical Physics of the Academy of Sciences of the USSR,Moscow,USSR (now Russia)
295,1956,219,Sir Cyril,Hinshelwood,chemistry,2,"""for their researches into the mechanism of chemical reactions""",Sir Cyril Hinshelwood,219,Sir Cyril,Hinshelwood,male,1897-05-19,United Kingdom,London,GB,09/10/1967,United Kingdom,London,GB,University of Oxford,Oxford,United Kingdom
296,1956,66,John,Bardeen,physics,3,"""for their researches on semiconductors and their discovery of the transistor effect""",John Bardeen,66,John,Bardeen,male,23/05/1908,USA,Madison WI,US,30/01/1991,USA,Boston MA,US,University of Illinois,Urbana IL,USA
297,1956,65,William B.,Shockley,physics,3,"""for their researches on semiconductors and their discovery of the transistor effect""",William B. Shockley,65,William B.,Shockley,male,13/02/1910,United Kingdom,London,GB,12/08/1989,USA,Palo Alto CA,US,Semiconductor Laboratory of Beckman Instruments Inc.,Mountain View CA,USA
298,1956,362,Dickinson W.,Richards,medicine,3,"""for their discoveries concerning heart catheterization and pathological changes in the circulatory system""",Dickinson W. Richards,362,Dickinson W.,Richards,male,1895-10-30,USA,Orange NJ,US,23/02/1973,USA,Lakeville CT,US,Columbia University,New York NY,USA
299,1956,627,Juan Ramón,Jiménez,literature,1,"""for his lyrical poetry which in Spanish language constitutes an example of high spirit and artistical purity""",Juan Ramón Jiménez,627,Juan Ramón,Jiménez,male,1881-12-24,Spain,Moguer,ES,29/05/1958,Puerto Rico,San Juan,PR,,,
300,1957,68,Chen Ning,Yang,physics,2,"""for their penetrating investigation of the so-called parity laws which has led to important discoveries regarding the elementary particles""",Chen Ning Yang,68,Chen Ning,Yang,male,22/09/1922,China,Hofei Anhwei,CN,0000-00-00,,,,Institute for Advanced Study,Princeton NJ,USA
301,1957,516,Lester Bowles,Pearson,peace,1,"""for his crucial contribution to the deployment of a United Nations Emergency Force in the wake of the Suez Crisis""",Lester Bowles Pearson,516,Lester Bowles,Pearson,male,1897-04-23,Canada,Toronto,CA,27/12/1972,Canada,Ottawa,CA,,,
302,1957,221,Lord,Todd,chemistry,1,"""for his work on nucleotides and nucleotide co-enzymes""",Lord Todd,221,Lord,Todd,male,02/10/1907,Scotland,Glasgow,GB,10/01/1997,United Kingdom,Cambridge,GB,University of Cambridge,Cambridge,United Kingdom
303,1957,69,Tsung-Dao,Lee,physics,2,"""for their penetrating investigation of the so-called parity laws which has led to important discoveries regarding the elementary particles""",Tsung-Dao Lee,69,Tsung-Dao,Lee,male,24/11/1926,China,Shanghai,CN,0000-00-00,,,,Columbia University,New York NY,USA
304,1957,628,Albert,Camus,literature,1,"""for his important literary production which with clear-sighted earnestness illuminates the problems of the human conscience in our times""",Albert Camus,628,Albert,Camus,male,07/11/1913,French Algeria (now Algeria),Mondovi,DZ,04/01/1960,France,Sens,FR,,,
305,1957,363,Daniel,Bovet,medicine,1,"""for his discoveries relating to synthetic compounds that inhibit the action of certain body substances and especially their action on the vascular system and the skeletal muscles""",Daniel Bovet,363,Daniel,Bovet,male,23/03/1907,Switzerland,Neuchâtel,CH,08/04/1992,Italy,Rome,IT,Istituto Superiore di Sanità (Chief Institute of Public Health),Rome,Italy
306,1958,222,Frederick,Sanger,chemistry,1,"""for his work on the structure of proteins especially that of insulin""",Frederick Sanger,222,Frederick,Sanger,male,13/08/1918,United Kingdom,Rendcombe,GB,19/11/2013,United Kingdom,Cambridge,GB,University of Cambridge,Cambridge,United Kingdom
307,1958,517,Georges,Pire,peace,1,"""for his efforts to help refugees to leave their camps and return to a life of freedom and dignity""",Georges Pire,517,Georges,Pire,male,10/02/1910,Belgium,Dinant,BE,30/01/1969,Belgium,Leuven,BE,,,
308,1958,365,Edward,Tatum,medicine,4,"""for their discovery that genes act by regulating definite chemical events""",Edward Tatum,365,Edward,Tatum,male,14/12/1909,USA,Boulder CO,US,05/11/1975,USA,New York NY,US,Rockefeller Institute for Medical Research,New York NY,USA
309,1958,366,Joshua,Lederberg,medicine,2,"""for his discoveries concerning genetic recombination and the organization of the genetic material of bacteria""",Joshua Lederberg,366,Joshua,Lederberg,male,23/05/1925,USA,Montclair NJ,US,02/02/2008,USA,New York NY,US,University of Wisconsin,Madison WI,USA
310,1958,629,Boris,Pasternak,literature,1,"""for his important achievement both in contemporary lyrical poetry and in the field of the great Russian epic tradition""",Boris Pasternak,629,Boris,Pasternak,male,1890-02-10,Russia,Moscow,RU,30/05/1960,Russia,Peredelkino,RU,,,
311,1958,721,Il´ja M.,Frank,physics,3,"""for the discovery and the interpretation of the Cherenkov effect""",Il´ja M. Frank,721,Il´ja M.,Frank,male,23/10/1908,Russia,Leningrad (now St. Petersburg),RU,22/06/1990,USSR (now Russia),Moscow,RU,Lomonosov Moscow State University,Moscow,USSR (now Russia)
312,1958,71,Igor Y.,Tamm,physics,3,"""for the discovery and the interpretation of the Cherenkov effect""",Igor Y. Tamm,71,Igor Y.,Tamm,male,1895-07-08,Russia,Vladivostok,RU,12/04/1971,USSR (now Russia),Moscow,RU,Lomonosov Moscow State University,Moscow,USSR (now Russia)
313,1958,70,Pavel A.,Cherenkov,physics,3,"""for the discovery and the interpretation of the Cherenkov effect""",Pavel A. Cherenkov,70,Pavel A.,Cherenkov,male,28/07/1904,Russia,Novaya Chigla,RU,06/01/1990,USSR (now Russia),,RU,P.N. Lebedev Physical Institute,Moscow,USSR (now Russia)
314,1958,364,George,Beadle,medicine,4,"""for their discovery that genes act by regulating definite chemical events""",George Beadle,364,George,Beadle,male,22/10/1903,USA,Wahoo NE,US,09/06/1989,USA,Pomona CA,US,California Institute of Technology (Caltech),Pasadena CA,USA
315,1959,368,Arthur,Kornberg,medicine,2,"""for their discovery of the mechanisms in the biological synthesis of ribonucleic acid and deoxyribonucleic acid""",Arthur Kornberg,368,Arthur,Kornberg,male,03/03/1918,USA,Brooklyn NY,US,26/10/2007,USA,Stanford CA,US,Stanford University,Stanford CA,USA
316,1959,223,Jaroslav,Heyrovsky,chemistry,1,"""for his discovery and development of the polarographic methods of analysis""",Jaroslav Heyrovsky,223,Jaroslav,Heyrovsky,male,1890-12-20,Austria-Hungary (now Czech Republic),Prague,CZ,27/03/1967,Czechoslovakia (now Czech Republic),Prague,CZ,Polarographic Institute of the Czechoslovak Academy of Science,Prague,Czechoslovakia (now Czech Republic)
317,1959,73,Owen,Chamberlain,physics,2,"""for their discovery of the antiproton""",Owen Chamberlain,73,Owen,Chamberlain,male,10/07/1920,USA,San Francisco CA,US,28/02/2006,USA,Berkeley CA,US,University of California,Berkeley CA,USA
318,1959,72,Emilio,Segrè,physics,2,"""for their discovery of the antiproton""",Emilio Segrè,72,Emilio,Segrè,male,01/02/1905,Italy,Tivoli,IT,22/04/1989,USA,Lafayette CA,US,University of California,Berkeley CA,USA
319,1959,367,Severo,Ochoa,medicine,2,"""for their discovery of the mechanisms in the biological synthesis of ribonucleic acid and deoxyribonucleic acid""",Severo Ochoa,367,Severo,Ochoa,male,24/09/1905,Spain,Luarca,ES,01/11/1993,Spain,Madrid,ES,New York University College of Medicine,New York NY,USA
320,1959,518,Philip,Noel-Baker,peace,1,"""for his longstanding contribution to the cause of disarmament and peace""",Philip Noel-Baker,518,Philip,Noel-Baker,male,1889-11-01,United Kingdom,London,GB,08/10/1982,United Kingdom,London,GB,,,
321,1959,630,Salvatore,Quasimodo,literature,1,"""for his lyrical poetry which with classical fire expresses the tragic experience of life in our own times""",Salvatore Quasimodo,630,Salvatore,Quasimodo,male,20/08/1901,Italy,Modica,IT,14/06/1968,Italy,Naples,IT,,,
322,1960,370,Peter,Medawar,medicine,2,"""for discovery of acquired immunological tolerance""",Peter Medawar,370,Peter,Medawar,male,28/02/1915,Brazil,Rio de Janeiro,BR,02/10/1987,United Kingdom,London,GB,University College,London,United Kingdom
323,1960,74,Donald A.,Glaser,physics,1,"""for the invention of the bubble chamber""",Donald A. Glaser,74,Donald A.,Glaser,male,21/09/1926,USA,Cleveland OH,US,28/02/2013,USA,Berkeley CA,US,University of California,Berkeley CA,USA
324,1960,369,Sir Frank Macfarlane,Burnet,medicine,2,"""for discovery of acquired immunological tolerance""",Sir Frank Macfarlane Burnet,369,Sir Frank Macfarlane,Burnet,male,1899-09-03,Australia,Traralgon,AU,31/08/1985,Australia,Melbourne,AU,Walter and Eliza Hall Institute for Medical Research,Melbourne,Australia
325,1960,631,Saint-John,Perse,literature,1,"""for the soaring flight and the evocative imagery of his poetry which in a visionary fashion reflects the conditions of our time""",Saint-John Perse,631,Saint-John,Perse,male,1887-05-31,Guadeloupe Island,Pointe-à-Pitre,GP,20/09/1975,France,Presqu'île-de-Giens,FR,,,
326,1960,519,Albert,Lutuli,peace,1,"""for his non-violent struggle against apartheid""",Albert Lutuli,519,Albert,Lutuli,male,1898-00-00,Southern Rhodesia (now Zimbabwe),Bulawayo,ZW,21/07/1967,South Africa,Stanger,ZA,,,
327,1960,224,Willard F.,Libby,chemistry,1,"""for his method to use carbon-14 for age determination in archaeology geology geophysics and other branches of science""",Willard F. Libby,224,Willard F.,Libby,male,17/12/1908,USA,Grand Valley CO,US,08/09/1980,USA,Los Angeles CA,US,University of California,Los Angeles CA,USA
328,1961,76,Rudolf,Mössbauer,physics,2,"""for his researches concerning the resonance absorption of gamma radiation and his discovery in this connection of the effect which bears his name""",Rudolf Mössbauer,76,Rudolf,Mössbauer,male,31/01/1929,Germany,Munich,DE,14/09/2011,,,,Technical University,Munich,Germany
329,1961,520,Dag,Hammarskjöld,peace,1,"""for developing the UN into an effective and constructive international organization capable of giving life to the principles and aims expressed in the UN Charter""",Dag Hammarskjöld,520,Dag,Hammarskjöld,male,29/07/1905,Sweden,Jönköping,SE,18/09/1961,Northern Rhodesia (now Zambia),Ndola,ZM,,,
330,1961,371,Georg,von Békésy,medicine,1,"""for his discoveries of the physical mechanism of stimulation within the cochlea""",Georg von Békésy,371,Georg,von Békésy,male,1899-06-03,Hungary,Budapest,HU,13/06/1972,USA,Honolulu HI,US,Harvard University,Cambridge MA,USA
331,1961,633,Ivo,Andric,literature,1,"""for the epic force with which he has traced themes and depicted human destinies drawn from the history of his country""",Ivo Andric,633,Ivo,Andric,male,1892-10-10,Bosnia (now Bosnia and Herzegovina),Dolac,BA,13/03/1975,Yugoslavia (now Serbia),Belgrade,RS,,,
332,1961,225,Melvin,Calvin,chemistry,1,"""for his research on the carbon dioxide assimilation in plants""",Melvin Calvin,225,Melvin,Calvin,male,08/04/1911,USA,St. Paul MN,US,08/01/1997,USA,Berkeley CA,US,University of California,Berkeley CA,USA
333,1961,75,Robert,Hofstadter,physics,2,"""for his pioneering studies of electron scattering in atomic nuclei and for his thereby achieved discoveries concerning the structure of the nucleons""",Robert Hofstadter,75,Robert,Hofstadter,male,05/02/1915,USA,New York NY,US,17/11/1990,USA,Stanford CA,US,Stanford University,Stanford CA,USA
334,1962,374,Maurice,Wilkins,medicine,3,"""for their discoveries concerning the molecular structure of nucleic acids and its significance for information transfer in living material""",Maurice Wilkins,374,Maurice,Wilkins,male,15/12/1916,New Zealand,Pongaroa,NZ,05/10/2004,United Kingdom,London,GB,London University,London,United Kingdom
335,1962,373,James,Watson,medicine,3,"""for their discoveries concerning the molecular structure of nucleic acids and its significance for information transfer in living material""",James Watson,373,James,Watson,male,06/04/1928,USA,Chicago IL,US,0000-00-00,,,,Harvard University,Cambridge MA,USA
336,1962,372,Francis,Crick,medicine,3,"""for their discoveries concerning the molecular structure of nucleic acids and its significance for information transfer in living material""",Francis Crick,372,Francis,Crick,male,08/06/1916,United Kingdom,Northampton,GB,28/07/2004,USA,San Diego CA,US,MRC Laboratory of Molecular Biology,Cambridge,United Kingdom
337,1962,217,Linus,Pauling,peace,1,"""for his fight against the nuclear arms race between East and West""",Linus Pauling,217,Linus,Pauling,male,28/02/1901,USA,Portland OR,US,19/08/1994,USA,Big Sur CA,US,California Institute of Technology (Caltech),Pasadena CA,USA
338,1962,227,John C.,Kendrew,chemistry,2,"""for their studies of the structures of globular proteins""",John C. Kendrew,227,John C.,Kendrew,male,24/03/1917,United Kingdom,Oxford,GB,23/08/1997,United Kingdom,Cambridge,GB,MRC Laboratory of Molecular Biology,Cambridge,United Kingdom
339,1962,226,Max F.,Perutz,chemistry,2,"""for their studies of the structures of globular proteins""",Max F. Perutz,226,Max F.,Perutz,male,19/05/1914,Austria,Vienna,AT,06/02/2002,United Kingdom,Cambridge,GB,MRC Laboratory of Molecular Biology,Cambridge,United Kingdom
340,1962,77,Lev,Landau,physics,1,"""for his pioneering theories for condensed matter especially liquid helium""",Lev Landau,77,Lev,Landau,male,22/01/1908,Russian Empire (now Azerbaijan),Baku,AZ,01/04/1968,USSR (now Russia),Moscow,RU,Academy of Sciences,Moscow,USSR (now Russia)
341,1962,634,John,Steinbeck,literature,1,"""for his realistic and imaginative writings combining as they do sympathetic humour and keen social perception""",John Steinbeck,634,John,Steinbeck,male,27/02/1902,USA,Salinas CA,US,20/12/1968,USA,New York NY,US,,,
342,1963,377,Andrew,Huxley,medicine,3,"""for their discoveries concerning the ionic mechanisms involved in excitation and inhibition in the peripheral and central portions of the nerve cell membrane""",Andrew Huxley,377,Andrew,Huxley,male,22/11/1917,United Kingdom,Hampstead,GB,30/05/2012,United Kingdom,Grantchester,GB,University College,London,United Kingdom
343,1963,376,Alan,Hodgkin,medicine,3,"""for their discoveries concerning the ionic mechanisms involved in excitation and inhibition in the peripheral and central portions of the nerve cell membrane""",Alan Hodgkin,376,Alan,Hodgkin,male,05/02/1914,United Kingdom,Banbury,GB,20/12/1998,United Kingdom,Cambridge,GB,University of Cambridge,Cambridge,United Kingdom
344,1963,375,Sir John,Eccles,medicine,3,"""for their discoveries concerning the ionic mechanisms involved in excitation and inhibition in the peripheral and central portions of the nerve cell membrane""",Sir John Eccles,375,Sir John,Eccles,male,27/01/1903,Australia,Melbourne,AU,02/05/1997,Switzerland,Contra,CH,Australian National University,Canberra,Australia
345,1963,80,J. Hans D.,Jensen,physics,4,"""for their discoveries concerning nuclear shell structure""",J. Hans D. Jensen,80,J. Hans D.,Jensen,male,25/06/1907,Germany,Hamburg,DE,11/02/1973,West Germany (now Germany),Heidelberg,DE,University of Heidelberg,Heidelberg,Germany
346,1963,78,Eugene,Wigner,physics,2,"""for his contributions to the theory of the atomic nucleus and the elementary particles particularly through the discovery and application of fundamental symmetry principles""",Eugene Wigner,78,Eugene,Wigner,male,17/11/1902,Austria-Hungary (now Hungary),Budapest,HU,01/01/1995,USA,Princeton NJ,US,Princeton University,Princeton NJ,USA
347,1963,482,International Committee of the Red Cross,,peace,2,"""for promoting the principles of the Geneva Convention and cooperation with the UN""",,467,Institute of International Law,,org,1873-00-00,,,,0000-00-00,,,,,,
348,1963,523,League of Red Cross Societies,,peace,2,"""for promoting the principles of the Geneva Convention and cooperation with the UN""",,467,Institute of International Law,,org,1873-00-00,,,,0000-00-00,,,,,,
349,1963,635,Giorgos,Seferis,literature,1,"""for his eminent lyrical writing inspired by a deep feeling for the Hellenic world of culture""",Giorgos Seferis,635,Giorgos,Seferis,male,13/03/1900,Ottoman Empire (now Turkey),Smyrna (now Izmir),TR,20/09/1971,Greece,Athens,GR,,,
350,1963,79,Maria,Goeppert Mayer,physics,4,"""for their discoveries concerning nuclear shell structure""",Maria Goeppert Mayer,79,Maria,Goeppert Mayer,female,28/06/1906,Germany (now Poland),Kattowitz (now Katowice),PL,20/02/1972,USA,San Diego CA,US,University of California,San Diego CA,USA
351,1963,228,Karl,Ziegler,chemistry,2,"""for their discoveries in the field of the chemistry and technology of high polymers""",Karl Ziegler,228,Karl,Ziegler,male,1898-11-26,Germany,Helsa,DE,12/08/1973,West Germany (now Germany),Mülheim,DE,Max-Planck-Institut für Kohlenforschung,Mülheim an der Ruhr,Germany
352,1963,229,Giulio,Natta,chemistry,2,"""for their discoveries in the field of the chemistry and technology of high polymers""",Giulio Natta,229,Giulio,Natta,male,26/02/1903,Italy,Imperia,IT,02/05/1979,Italy,Bergamo,IT,Institute of Technology,Milan,Italy
353,1964,82,Nicolay G.,Basov,physics,4,"""for fundamental work in the field of quantum electronics which has led to the construction of oscillators and amplifiers based on the maser-laser principle""",Nicolay G. Basov,82,Nicolay G.,Basov,male,14/12/1922,USSR (now Russia),Usman,RU,01/07/2001,Russia,Moscow,RU,P.N. Lebedev Physical Institute,Moscow,USSR (now Russia)
354,1964,637,Jean-Paul,Sartre,literature,1,"""for his work which rich in ideas and filled with the spirit of freedom and the quest for truth has exerted a far-reaching influence on our age""",Jean-Paul Sartre,637,Jean-Paul,Sartre,male,21/06/1905,France,Paris,FR,15/04/1980,France,Paris,FR,,,
355,1964,524,Martin Luther,King Jr.,peace,1,"""for his non-violent struggle for civil rights for the Afro-American population""",Martin Luther King Jr.,524,Martin Luther,King Jr.,male,15/01/1929,USA,Atlanta GA,US,04/04/1968,USA,Memphis TN,US,,,
356,1964,83,Aleksandr M.,Prokhorov,physics,4,"""for fundamental work in the field of quantum electronics which has led to the construction of oscillators and amplifiers based on the maser-laser principle""",Aleksandr M. Prokhorov,83,Aleksandr M.,Prokhorov,male,11/07/1916,Australia,Atherton,AU,08/01/2002,Russia,Moscow,RU,P.N. Lebedev Physical Institute,Moscow,USSR (now Russia)
357,1964,379,Feodor,Lynen,medicine,2,"""for their discoveries concerning the mechanism and regulation of the cholesterol and fatty acid metabolism""",Feodor Lynen,379,Feodor,Lynen,male,06/04/1911,Germany,Munich,DE,06/08/1979,Germany,Munich,DE,Max-Planck-Institut für Zellchemie,Munich,Germany
358,1964,81,Charles H.,Townes,physics,2,"""for fundamental work in the field of quantum electronics which has led to the construction of oscillators and amplifiers based on the maser-laser principle""",Charles H. Townes,81,Charles H.,Townes,male,28/07/1915,USA,Greenville SC,US,27/01/2015,USA,Berkeley CA,US,Massachusetts Institute of Technology (MIT),Cambridge MA,USA
359,1964,378,Konrad,Bloch,medicine,2,"""for their discoveries concerning the mechanism and regulation of the cholesterol and fatty acid metabolism""",Konrad Bloch,378,Konrad,Bloch,male,21/01/1912,Germany (now Poland),Neisse (now Nysa),PL,15/10/2000,USA,Burlington MA,US,Harvard University,Cambridge MA,USA
360,1964,230,Dorothy Crowfoot,Hodgkin,chemistry,1,"""for her determinations by X-ray techniques of the structures of important biochemical substances""",Dorothy Crowfoot Hodgkin,230,Dorothy Crowfoot,Hodgkin,female,12/05/1910,Egypt,Cairo,EG,29/07/1994,United Kingdom,Shipston-on-Stour,GB,University of Oxford Royal Society,Oxford,United Kingdom
361,1965,231,Robert B.,Woodward,chemistry,1,"""for his outstanding achievements in the art of organic synthesis""",Robert B. Woodward,231,Robert B.,Woodward,male,10/04/1917,USA,Boston MA,US,08/07/1979,USA,Cambridge MA,US,Harvard University,Cambridge MA,USA
362,1965,380,François,Jacob,medicine,3,"""for their discoveries concerning genetic control of enzyme and virus synthesis""",François Jacob,380,François,Jacob,male,17/06/1920,France,Nancy,FR,19/04/2013,France,Paris,FR,Institut Pasteur,Paris,France
363,1965,381,André,Lwoff,medicine,3,"""for their discoveries concerning genetic control of enzyme and virus synthesis""",André Lwoff,381,André,Lwoff,male,08/05/1902,France,Ainay-le-Château,FR,30/09/1994,France,Paris,FR,Institut Pasteur,Paris,France
364,1965,382,Jacques,Monod,medicine,3,"""for their discoveries concerning genetic control of enzyme and virus synthesis""",Jacques Monod,382,Jacques,Monod,male,09/02/1910,France,Paris,FR,31/05/1976,France,Cannes,FR,Institut Pasteur,Paris,France
365,1965,525,United Nations Children's Fund,,peace,1,"""for its effort to enhance solidarity between nations and reduce the difference between rich and poor states""",,467,Institute of International Law,,org,1873-00-00,,,,0000-00-00,,,,,,
366,1965,84,Sin-Itiro,Tomonaga,physics,3,"""for their fundamental work in quantum electrodynamics with deep-ploughing consequences for the physics of elementary particles""",Sin-Itiro Tomonaga,84,Sin-Itiro,Tomonaga,male,31/03/1906,Japan,Kyoto,JP,08/07/1979,Japan,Tokyo,JP,Tokyo University of Education,Tokyo,Japan
367,1965,638,Mikhail,Sholokhov,literature,1,"""for the artistic power and integrity with which in his epic of the Don he has given expression to a historic phase in the life of the Russian people""",Mikhail Sholokhov,638,Mikhail,Sholokhov,male,24/05/1905,Russia,Veshenskaya,RU,21/02/1984,USSR (now Russia),Veshenskaya,RU,,,
368,1965,85,Julian,Schwinger,physics,3,"""for their fundamental work in quantum electrodynamics with deep-ploughing consequences for the physics of elementary particles""",Julian Schwinger,85,Julian,Schwinger,male,12/02/1918,USA,New York NY,US,16/07/1994,USA,Los Angeles CA,US,Harvard University,Cambridge MA,USA
369,1965,86,Richard P.,Feynman,physics,3,"""for their fundamental work in quantum electrodynamics with deep-ploughing consequences for the physics of elementary particles""",Richard P. Feynman,86,Richard P.,Feynman,male,11/05/1918,USA,New York NY,US,15/02/1988,USA,Los Angeles CA,US,California Institute of Technology (Caltech),Pasadena CA,USA
370,1966,384,Charles B.,Huggins,medicine,2,"""for his discoveries concerning hormonal treatment of prostatic cancer""",Charles B. Huggins,384,Charles B.,Huggins,male,22/09/1901,Canada,Halifax Nova Scotia,CA,12/01/1997,USA,Chicago IL,US,University of Chicago Ben May Laboratory for Cancer Research,Chicago IL,USA
371,1966,639,Shmuel,Agnon,literature,2,"""for his profoundly characteristic narrative art with motifs from the life of the Jewish people""",Shmuel Agnon,639,Shmuel,Agnon,male,1888-07-17,Austria-Hungary (now Ukraine),Buczacz (now Buchach),UA,17/02/1970,Israel,Rehovot,IL,,,
372,1966,232,Robert S.,Mulliken,chemistry,1,"""for his fundamental work concerning chemical bonds and the electronic structure of molecules by the molecular orbital method""",Robert S. Mulliken,232,Robert S.,Mulliken,male,1896-06-07,USA,Newburyport MA,US,31/10/1986,USA,Arlington VA,US,University of Chicago,Chicago IL,USA
373,1966,383,Peyton,Rous,medicine,2,"""for his discovery of tumour-inducing viruses""",Peyton Rous,383,Peyton,Rous,male,1879-10-05,USA,Baltimore MD,US,16/02/1970,USA,New York NY,US,Rockefeller University,New York NY,USA
374,1966,640,Nelly,Sachs,literature,2,"""for her outstanding lyrical and dramatic writing which interprets Israel's destiny with touching strength""",Nelly Sachs,640,Nelly,Sachs,female,1891-12-10,Germany,Berlin,DE,12/05/1970,Sweden,Stockholm,SE,,,
375,1966,87,Alfred,Kastler,physics,1,"""for the discovery and development of optical methods for studying Hertzian resonances in atoms""",Alfred Kastler,87,Alfred,Kastler,male,03/05/1902,Germany (now France),Guebwiller,FR,07/01/1984,France,Bandol,FR,École Normale Supérieure,Paris,France
376,1967,385,Ragnar,Granit,medicine,3,"""for their discoveries concerning the primary physiological and chemical visual processes in the eye""",Ragnar Granit,385,Ragnar,Granit,male,30/10/1900,Russian Empire (now Finland),Helsinki,FI,12/03/1991,Sweden,Stockholm,SE,Karolinska Institutet,Stockholm,Sweden
377,1967,387,George,Wald,medicine,3,"""for their discoveries concerning the primary physiological and chemical visual processes in the eye""",George Wald,387,George,Wald,male,18/11/1906,USA,New York NY,US,12/04/1997,USA,Cambridge MA,US,Harvard University,Cambridge MA,USA
378,1967,235,George,Porter,chemistry,4,"""for their studies of extremely fast chemical reactions effected by disturbing the equilibrium by means of very short pulses of energy""",George Porter,235,George,Porter,male,06/12/1920,United Kingdom,Stainforth,GB,31/08/2002,United Kingdom,Canterbury,GB,Royal Institution of Great Britain,London,United Kingdom
379,1967,641,Miguel Angel,Asturias,literature,1,"""for his vivid literary achievement deep-rooted in the national traits and traditions of Indian peoples of Latin America""",Miguel Angel Asturias,641,Miguel Angel,Asturias,male,1899-10-19,Guatemala,Guatemala City,GT,09/06/1974,Spain,Madrid,ES,,,
380,1967,234,Ronald G.W.,Norrish,chemistry,4,"""for their studies of extremely fast chemical reactions effected by disturbing the equilibrium by means of very short pulses of energy""",Ronald G.W. Norrish,234,Ronald G.W.,Norrish,male,1897-11-09,United Kingdom,Cambridge,GB,07/06/1978,United Kingdom,Cambridge,GB,Institute of Physical Chemistry,Cambridge,United Kingdom
381,1967,233,Manfred,Eigen,chemistry,2,"""for their studies of extremely fast chemical reactions effected by disturbing the equilibrium by means of very short pulses of energy""",Manfred Eigen,233,Manfred,Eigen,male,09/05/1927,Germany,Bochum,DE,06/02/2019,Germany,Göttingen,DE,Max-Planck-Institut für Physikalische Chemie,Göttingen,Germany
382,1967,386,Keffer,Hartline,medicine,3,"""for their discoveries concerning the primary physiological and chemical visual processes in the eye""",Keffer Hartline,386,Keffer,Hartline,male,22/12/1903,USA,Bloomsburg PA,US,17/03/1983,USA,Fallston MD,US,Rockefeller University,New York NY,USA
383,1967,88,Hans,Bethe,physics,1,"""for his contributions to the theory of nuclear reactions especially his discoveries concerning the energy production in stars""",Hans Bethe,88,Hans,Bethe,male,02/07/1906,Germany (now France),Strasbourg,FR,06/03/2005,USA,Ithaca NY,US,Cornell University,Ithaca NY,USA
384,1968,389,H. Gobind,Khorana,medicine,3,"""for their interpretation of the genetic code and its function in protein synthesis""",H. Gobind Khorana,389,H. Gobind,Khorana,male,09/01/1922,India,Raipur,IN,09/11/2011,USA,Concord MA,US,University of Wisconsin,Madison WI,USA
385,1968,390,Marshall W.,Nirenberg,medicine,3,"""for their interpretation of the genetic code and its function in protein synthesis""",Marshall W. Nirenberg,390,Marshall W.,Nirenberg,male,10/04/1927,USA,New York NY,US,15/01/2010,USA,New York NY,US,National Institutes of Health,Bethesda MD,USA
386,1968,236,Lars,Onsager,chemistry,1,"""for the discovery of the reciprocal relations bearing his name which are fundamental for the thermodynamics of irreversible processes""",Lars Onsager,236,Lars,Onsager,male,27/11/1903,Norway,Kristiania (now Oslo),NO,05/10/1976,USA,Coral Gables FL,US,Yale University,New Haven CT,USA
387,1968,526,René,Cassin,peace,1,"""for his struggle to ensure the rights of man as stipulated in the UN Declaration""",René Cassin,526,René,Cassin,male,1887-10-05,France,Bayonne,FR,20/02/1976,France,Paris,FR,,,
388,1968,388,Robert W.,Holley,medicine,3,"""for their interpretation of the genetic code and its function in protein synthesis""",Robert W. Holley,388,Robert W.,Holley,male,28/01/1922,USA,Urbana IL,US,11/02/1993,USA,Los Gatos CA,US,Cornell University,Ithaca NY,USA
389,1968,89,Luis,Alvarez,physics,1,"""for his decisive contributions to elementary particle physics in particular the discovery of a large number of resonance states made possible through his development of the technique of using hydrogen bubble chamber and data analysis""",Luis Alvarez,89,Luis,Alvarez,male,13/06/1911,USA,San Francisco CA,US,01/09/1988,USA,Berkeley CA,US,University of California,Berkeley CA,USA
390,1968,642,Yasunari,Kawabata,literature,1,"""for his narrative mastery which with great sensibility expresses the essence of the Japanese mind""",Yasunari Kawabata,642,Yasunari,Kawabata,male,1899-06-11,Japan,Osaka,JP,16/04/1972,Japan,Zushi,JP,,,
391,1969,237,Derek,Barton,chemistry,2,"""for their contributions to the development of the concept of conformation and its application in chemistry""",Derek Barton,237,Derek,Barton,male,08/09/1918,United Kingdom,Gravesend,GB,16/03/1998,USA,College Station TX,US,Imperial College,London,United Kingdom
392,1969,643,Samuel,Beckett,literature,1,"""for his writing which - in new forms for the novel and drama - in the destitution of modern man acquires its elevation""",Samuel Beckett,643,Samuel,Beckett,male,13/04/1906,Ireland,Dublin,IE,22/12/1989,France,Paris,FR,,,
393,1969,677,Ragnar,Frisch,economics,2,"""for having developed and applied dynamic models for the analysis of economic processes""",Ragnar Frisch,677,Ragnar,Frisch,male,1895-03-03,Norway,Oslo,NO,31/01/1973,Norway,Oslo,NO,University of Oslo,Oslo,Norway
394,1969,90,Murray,Gell-Mann,physics,1,"""for his contributions and discoveries concerning the classification of elementary particles and their interactions""",Murray Gell-Mann,90,Murray,Gell-Mann,male,15/09/1929,USA,New York NY,US,24/05/2019,USA,Santa Fe NM,US,California Institute of Technology (Caltech),Pasadena CA,USA
395,1969,678,Jan,Tinbergen,economics,2,"""for having developed and applied dynamic models for the analysis of economic processes""",Jan Tinbergen,678,Jan,Tinbergen,male,12/04/1903,the Netherlands,the Hague,NL,09/06/1994,the Netherlands,the Hague,NL,The Netherlands School of Economics,Rotterdam,the Netherlands
396,1969,527,International Labour Organization,,peace,1,"""for creating international legislation insuring certain norms for working conditions in every country""",,467,Institute of International Law,,org,1873-00-00,,,,0000-00-00,,,,,,
397,1969,393,Salvador E.,Luria,medicine,3,"""for their discoveries concerning the replication mechanism and the genetic structure of viruses""",Salvador E. Luria,393,Salvador E.,Luria,male,13/08/1912,Italy,Turin,IT,06/02/1991,USA,Lexington MA,US,Massachusetts Institute of Technology (MIT),Cambridge MA,USA
398,1969,392,Alfred D.,Hershey,medicine,3,"""for their discoveries concerning the replication mechanism and the genetic structure of viruses""",Alfred D. Hershey,392,Alfred D.,Hershey,male,04/12/1908,USA,Owosso MI,US,22/05/1997,USA,Syosset NY,US,Carnegie Institution of Washington,Long Island New York NY,USA
399,1969,391,Max,Delbrück,medicine,3,"""for their discoveries concerning the replication mechanism and the genetic structure of viruses""",Max Delbrück,391,Max,Delbrück,male,04/09/1906,Germany,Berlin,DE,09/03/1981,USA,Pasadena CA,US,California Institute of Technology (Caltech),Pasadena CA,USA
400,1969,238,Odd,Hassel,chemistry,2,"""for their contributions to the development of the concept of conformation and its application in chemistry""",Odd Hassel,238,Odd,Hassel,male,1897-05-17,Norway,Kristiania (now Oslo),NO,11/05/1981,Norway,Oslo,NO,University of Oslo,Oslo,Norway
401,1970,91,Hannes,Alfvén,physics,2,"""for fundamental work and discoveries in magnetohydro-dynamics with fruitful applications in different parts of plasma physics""",Hannes Alfvén,91,Hannes,Alfvén,male,30/05/1908,Sweden,Norrköping,SE,02/04/1995,Sweden,Djursholm,SE,Royal Institute of Technology,Stockholm,Sweden
402,1970,92,Louis,Néel,physics,2,"""for fundamental work and discoveries concerning antiferromagnetism and ferrimagnetism which have led to important applications in solid state physics""",Louis Néel,92,Louis,Néel,male,22/11/1904,France,Lyon,FR,17/11/2000,France,Brive-Corrèze,FR,University of Grenoble,Grenoble,France
403,1970,528,Norman,Borlaug,peace,1,"""for having given a well-founded hope - the green revolution""",Norman Borlaug,528,Norman,Borlaug,male,25/03/1914,USA,Cresco IA,US,12/09/2009,USA,Dallas TX,US,,,
404,1970,239,Luis,Leloir,chemistry,1,"""for his discovery of sugar nucleotides and their role in the biosynthesis of carbohydrates""",Luis Leloir,239,Luis,Leloir,male,06/09/1906,France,Paris,FR,02/12/1987,Argentina,Buenos Aires,AR,Institute for Biochemical Research,Buenos Aires,Argentina
405,1970,644,Alexandr,Solzhenitsyn,literature,1,"""for the ethical force with which he has pursued the indispensable traditions of Russian literature""",Alexandr Solzhenitsyn,644,Alexandr,Solzhenitsyn,male,11/12/1918,Russia,Kislovodsk,RU,03/08/2008,Russia,Troitse-Lykovo,RU,,,
406,1970,679,Paul A.,Samuelson,economics,1,"""for the scientific work through which he has developed static and dynamic economic theory and actively contributed to raising the level of analysis in economic science""",Paul A. Samuelson,679,Paul A.,Samuelson,male,15/05/1915,USA,Gary IN,US,13/12/2009,USA,Belmont MA,US,Massachusetts Institute of Technology (MIT),Cambridge MA,USA
407,1970,396,Julius,Axelrod,medicine,3,"""for their discoveries concerning the humoral transmitters in the nerve terminals and the mechanism for their storage release and inactivation""",Julius Axelrod,396,Julius,Axelrod,male,30/05/1912,USA,New York NY,US,29/12/2004,USA,Rockville MD,US,National Institutes of Health,Bethesda MD,USA
408,1970,395,Ulf,von Euler,medicine,3,"""for their discoveries concerning the humoral transmitters in the nerve terminals and the mechanism for their storage release and inactivation""",Ulf von Euler,395,Ulf,von Euler,male,07/02/1905,Sweden,Stockholm,SE,09/03/1983,Sweden,Stockholm,SE,Karolinska Institutet,Stockholm,Sweden
409,1970,394,Sir Bernard,Katz,medicine,3,"""for their discoveries concerning the humoral transmitters in the nerve terminals and the mechanism for their storage release and inactivation""",Sir Bernard Katz,394,Sir Bernard,Katz,male,26/03/1911,Germany,Leipzig,DE,20/04/2003,United Kingdom,London,GB,University College,London,United Kingdom
410,1971,529,Willy,Brandt,peace,1,"""for paving the way for a meaningful dialogue between East and West""",Willy Brandt,529,Willy,Brandt,male,18/12/1913,Germany,Lübeck,DE,08/10/1992,Germany,Unkel,DE,,,
411,1971,93,Dennis,Gabor,physics,1,"""for his invention and development of the holographic method""",Dennis Gabor,93,Dennis,Gabor,male,05/06/1900,Hungary,Budapest,HU,08/02/1979,United Kingdom,London,GB,Imperial College,London,United Kingdom
412,1971,680,Simon,Kuznets,economics,1,"""for his empirically founded interpretation of economic growth which has led to new and deepened insight into the economic and social structure and process of development""",Simon Kuznets,680,Simon,Kuznets,male,30/04/1901,Russian Empire (now Belarus),Pinsk,BY,08/07/1985,USA,Cambridge MA,US,Harvard University,Cambridge MA,USA
413,1971,240,Gerhard,Herzberg,chemistry,1,"""for his contributions to the knowledge of electronic structure and geometry of molecules particularly free radicals""",Gerhard Herzberg,240,Gerhard,Herzberg,male,25/12/1904,Germany,Hamburg,DE,03/03/1999,Canada,Ottawa,CA,National Research Council of Canada,Ottawa,Canada
414,1971,397,Earl W.,Sutherland Jr.,medicine,1,"""for his discoveries concerning the mechanisms of the action of hormones""",Earl W. Sutherland Jr.,397,Earl W.,Sutherland Jr.,male,19/11/1915,USA,Burlingame KS,US,09/03/1974,USA,Miami FL,US,Vanderbilt University,Nashville TN,USA
415,1971,645,Pablo,Neruda,literature,1,"""for a poetry that with the action of an elemental force brings alive a continent's destiny and dreams""",Pablo Neruda,645,Pablo,Neruda,male,12/07/1904,Chile,Parral,CL,23/09/1973,Chile,Santiago,CL,,,
416,1972,647,Heinrich,Böll,literature,1,"""for his writing which through its combination of a broad perspective on his time and a sensitive skill in characterization has contributed to a renewal of German literature""",Heinrich Böll,647,Heinrich,Böll,male,21/12/1917,Germany,Cologne,DE,16/07/1985,West Germany (now Germany),Bornheim-Merten,DE,,,
417,1972,398,Gerald M.,Edelman,medicine,2,"""for their discoveries concerning the chemical structure of antibodies""",Gerald M. Edelman,398,Gerald M.,Edelman,male,01/07/1929,USA,New York NY,US,17/05/2014,USA,La Jolla CA,US,Rockefeller University,New York NY,USA
418,1972,95,Leon N.,Cooper,physics,3,"""for their jointly developed theory of superconductivity usually called the BCS-theory""",Leon N. Cooper,95,Leon N.,Cooper,male,28/02/1930,USA,New York NY,US,0000-00-00,,,,Brown University,Providence RI,USA
419,1972,242,Stanford,Moore,chemistry,4,"""for their contribution to the understanding of the connection between chemical structure and catalytic activity of the active centre of the ribonuclease molecule""",Stanford Moore,242,Stanford,Moore,male,04/09/1913,USA,Chicago IL,US,23/08/1982,USA,New York NY,US,Rockefeller University,New York NY,USA
420,1972,241,Christian,Anfinsen,chemistry,2,"""for his work on ribonuclease especially concerning the connection between the amino acid sequence and the biologically active conformation""",Christian Anfinsen,241,Christian,Anfinsen,male,26/03/1916,USA,Monessen PA,US,14/05/1995,USA,Randallstown MD,US,National Institutes of Health,Bethesda MD,USA
421,1972,243,William H.,Stein,chemistry,4,"""for their contribution to the understanding of the connection between chemical structure and catalytic activity of the active centre of the ribonuclease molecule""",William H. Stein,243,William H.,Stein,male,25/06/1911,USA,New York NY,US,02/02/1980,USA,New York NY,US,Rockefeller University,New York NY,USA
422,1972,66,John,Bardeen,physics,3,"""for their jointly developed theory of superconductivity usually called the BCS-theory""",John Bardeen,66,John,Bardeen,male,23/05/1908,USA,Madison WI,US,30/01/1991,USA,Boston MA,US,University of Illinois,Urbana IL,USA
423,1972,682,Kenneth J.,Arrow,economics,2,"""for their pioneering contributions to general economic equilibrium theory and welfare theory""",Kenneth J. Arrow,682,Kenneth J.,Arrow,male,23/08/1921,USA,New York NY,US,21/02/2017,USA,Palo Alto CA,US,Harvard University,Cambridge MA,USA
424,1972,681,John R.,Hicks,economics,2,"""for their pioneering contributions to general economic equilibrium theory and welfare theory""",John R. Hicks,681,John R.,Hicks,male,08/04/1904,United Kingdom,Warwick,GB,20/05/1989,United Kingdom,Blockley,GB,All Souls College,Oxford,United Kingdom
425,1972,96,Robert,Schrieffer,physics,3,"""for their jointly developed theory of superconductivity usually called the BCS-theory""",Robert Schrieffer,96,Robert,Schrieffer,male,31/05/1931,USA,Oak Park IL,US,27/07/2019,USA,Tallahassee FL,US,University of Pennsylvania,Philadelphia PA,USA
426,1972,399,Rodney R.,Porter,medicine,2,"""for their discoveries concerning the chemical structure of antibodies""",Rodney R. Porter,399,Rodney R.,Porter,male,08/10/1917,United Kingdom,Newton-le-Willows,GB,06/09/1985,United Kingdom,Winchester,GB,University of Oxford,Oxford,United Kingdom
427,1973,99,Brian D.,Josephson,physics,2,"""for his theoretical predictions of the properties of a supercurrent through a tunnel barrier in particular those phenomena which are generally known as the Josephson effects""",Brian D. Josephson,99,Brian D.,Josephson,male,04/01/1940,United Kingdom,Cardiff,GB,0000-00-00,,,,University of Cambridge,Cambridge,United Kingdom
428,1973,244,Ernst Otto,Fischer,chemistry,2,"""for their pioneering work performed independently on the chemistry of the organometallic so called sandwich compounds""",Ernst Otto Fischer,244,Ernst Otto,Fischer,male,10/11/1918,Germany,Munich,DE,23/07/2007,Germany,Munich,DE,Technical University,Munich,Germany
429,1973,245,Geoffrey,Wilkinson,chemistry,2,"""for their pioneering work performed independently on the chemistry of the organometallic so called sandwich compounds""",Geoffrey Wilkinson,245,Geoffrey,Wilkinson,male,14/07/1921,United Kingdom,Todmorden,GB,26/09/1996,United Kingdom,London,GB,Imperial College,London,United Kingdom
430,1973,531,Le Duc Tho,,peace,2,"""for jointly having negotiated a cease fire in Vietnam in 1973""",,467,Institute of International Law,,org,1873-00-00,,,,0000-00-00,,,,,,
431,1973,683,Wassily,Leontief,economics,1,"""for the development of the input-output method and for its application to important economic problems""",Wassily Leontief,683,Wassily,Leontief,male,05/08/1906,Russia,St. Petersburg,RU,05/02/1999,USA,New York NY,US,Harvard University,Cambridge MA,USA
432,1973,401,Konrad,Lorenz,medicine,3,"""for their discoveries concerning organization and elicitation of individual and social behaviour patterns""",Konrad Lorenz,401,Konrad,Lorenz,male,07/11/1903,Austria,Vienna,AT,27/02/1989,Austria,Vienna,AT,Konrad-Lorenz-Institut der Österreichischen Akademie der Wissen­schaften Forschungsstelle für Ethologie,Altenberg; Grünau im Almtal,Austria
433,1973,97,Leo,Esaki,physics,4,"""for their experimental discoveries regarding tunneling phenomena in semiconductors and superconductors respectively""",Leo Esaki,97,Leo,Esaki,male,12/03/1925,Japan,Osaka,JP,0000-00-00,,,,IBM Thomas J. Watson Research Center,Yorktown Heights NY,USA
434,1973,98,Ivar,Giaever,physics,4,"""for their experimental discoveries regarding tunneling phenomena in semiconductors and superconductors respectively""",Ivar Giaever,98,Ivar,Giaever,male,05/04/1929,Norway,Bergen,NO,0000-00-00,,,,General Electric Company,Schenectady NY,USA
435,1973,400,Karl,von Frisch,medicine,3,"""for their discoveries concerning organization and elicitation of individual and social behaviour patterns""",Karl von Frisch,400,Karl,von Frisch,male,1886-11-20,Austria,Vienna,AT,12/06/1982,West Germany (now Germany),Munich,DE,Zoologisches Institut der Universität München,Munich,Germany
436,1973,648,Patrick,White,literature,1,"""for an epic and psychological narrative art which has introduced a new continent into literature""",Patrick White,648,Patrick,White,male,28/05/1912,United Kingdom,London,GB,30/09/1990,Australia,Sydney,AU,,,
437,1973,530,Henry,Kissinger,peace,2,"""for jointly having negotiated a cease fire in Vietnam in 1973""",Henry Kissinger,530,Henry,Kissinger,male,27/05/1923,Germany,Fürth,DE,0000-00-00,,,,,,
438,1973,402,Nikolaas,Tinbergen,medicine,3,"""for their discoveries concerning organization and elicitation of individual and social behaviour patterns""",Nikolaas Tinbergen,402,Nikolaas,Tinbergen,male,15/04/1907,the Netherlands,the Hague,NL,21/12/1988,United Kingdom,Oxford,GB,University of Oxford,Oxford,United Kingdom
439,1974,246,Paul J.,Flory,chemistry,1,"""for his fundamental achievements both theoretical and experimental in the physical chemistry of the macromolecules""",Paul J. Flory,246,Paul J.,Flory,male,19/06/1910,USA,Sterling IL,US,08/09/1985,USA,Big Sur CA,US,Stanford University,Stanford CA,USA
440,1974,649,Eyvind,Johnson,literature,2,"""for a narrative art far-seeing in lands and ages in the service of freedom""",Eyvind Johnson,649,Eyvind,Johnson,male,29/07/1900,Sweden,Svartbjörnsbyn,SE,25/08/1976,Sweden,Stockholm,SE,,,
441,1974,684,Gunnar,Myrdal,economics,2,"""for their pioneering work in the theory of money and economic fluctuations and for their penetrating analysis of the interdependence of economic social and institutional phenomena""",Gunnar Myrdal,684,Gunnar,Myrdal,male,1898-12-06,Sweden,Skattungbyn,SE,17/05/1987,Sweden,Stockholm,SE,,,
442,1974,650,Harry,Martinson,literature,2,"""for writings that catch the dewdrop and reflect the cosmos""",Harry Martinson,650,Harry,Martinson,male,06/05/1904,Sweden,Jämshög,SE,11/02/1978,Sweden,Stockholm,SE,,,
443,1974,404,Christian,de Duve,medicine,3,"""for their discoveries concerning the structural and functional organization of the cell""",Christian de Duve,404,Christian,de Duve,male,02/10/1917,United Kingdom,Thames Ditton,GB,04/05/2013,Belgium,Nethen,BE,Rockefeller University,New York NY,USA
444,1974,101,Antony,Hewish,physics,2,"""for their pioneering research in radio astrophysics: Ryle for his observations and inventions in particular of the aperture synthesis technique and Hewish for his decisive role in the discovery of pulsars""",Antony Hewish,101,Antony,Hewish,male,11/05/1924,United Kingdom,Fowey,GB,13/09/2021,,,,University of Cambridge,Cambridge,United Kingdom
445,1974,100,Martin,Ryle,physics,2,"""for their pioneering research in radio astrophysics: Ryle for his observations and inventions in particular of the aperture synthesis technique and Hewish for his decisive role in the discovery of pulsars""",Martin Ryle,100,Martin,Ryle,male,27/09/1918,United Kingdom,Brighton,GB,14/10/1984,United Kingdom,Cambridge,GB,University of Cambridge,Cambridge,United Kingdom
446,1974,405,George E.,Palade,medicine,3,"""for their discoveries concerning the structural and functional organization of the cell""",George E. Palade,405,George E.,Palade,male,19/11/1912,Romania,Iasi,RO,07/10/2008,USA,Del Mar CA,US,Yale University School of Medicine,New Haven CT,USA
447,1974,533,Eisaku,Sato,peace,2,"""for his contribution to stabilize conditions in the Pacific rim area and for signing the Nuclear Non-Proliferation Treaty""",Eisaku Sato,533,Eisaku,Sato,male,27/03/1901,Japan,Tabuse,JP,03/06/1975,Japan,Tokyo,JP,,,
448,1974,532,Seán,MacBride,peace,2,"""for his efforts to secure and develop human rights throughout the world""",Seán MacBride,532,Seán,MacBride,male,26/01/1904,France,Paris,FR,15/01/1988,Ireland,Dublin,IE,,,
449,1974,685,Friedrich,von Hayek,economics,2,"""for their pioneering work in the theory of money and economic fluctuations and for their penetrating analysis of the interdependence of economic social and institutional phenomena""",Friedrich von Hayek,685,Friedrich,von Hayek,male,1899-05-08,Austria,Vienna,AT,23/03/1992,Germany,Freiburg,DE,,,
450,1974,403,Albert,Claude,medicine,3,"""for their discoveries concerning the structural and functional organization of the cell""",Albert Claude,403,Albert,Claude,male,1898-08-24,Belgium,Longlier,BE,22/05/1983,Belgium,Brussels,BE,Université Catholique de Louvain,Louvain,Belgium
451,1975,247,John,Cornforth,chemistry,2,"""for his work on the stereochemistry of enzyme-catalyzed reactions""",John Cornforth,247,John,Cornforth,male,07/09/1917,Australia,Sydney,AU,08/12/2013,,,,University of Sussex,Brighton,United Kingdom
452,1975,248,Vladimir,Prelog,chemistry,2,"""for his research into the stereochemistry of organic molecules and reactions""",Vladimir Prelog,248,Vladimir,Prelog,male,23/07/1906,Austria-Hungary (now Bosnia and Herzegovina),Sarajevo,BA,07/01/1998,Switzerland,Zurich,CH,Eidgenössische Technische Hochschule (Swiss Federal Institute of Technology),Zurich,Switzerland
453,1975,408,Howard M.,Temin,medicine,3,"""for their discoveries concerning the interaction between tumour viruses and the genetic material of the cell""",Howard M. Temin,408,Howard M.,Temin,male,10/12/1934,USA,Philadelphia PA,US,09/02/1994,USA,Madison WI,US,University of Wisconsin,Madison WI,USA
454,1975,102,Aage N.,Bohr,physics,3,"""for the discovery of the connection between collective motion and particle motion in atomic nuclei and the development of the theory of the structure of the atomic nucleus based on this connection""",Aage N. Bohr,102,Aage N.,Bohr,male,19/06/1922,Denmark,Copenhagen,DK,08/09/2009,Denmark,Copenhagen,DK,Niels Bohr Institute,Copenhagen,Denmark
455,1975,103,Ben R.,Mottelson,physics,3,"""for the discovery of the connection between collective motion and particle motion in atomic nuclei and the development of the theory of the structure of the atomic nucleus based on this connection""",Ben R. Mottelson,103,Ben R.,Mottelson,male,09/07/1926,USA,Chicago IL,US,13/05/2022,,,,Nordita,Copenhagen,Denmark
456,1975,104,James,Rainwater,physics,3,"""for the discovery of the connection between collective motion and particle motion in atomic nuclei and the development of the theory of the structure of the atomic nucleus based on this connection""",James Rainwater,104,James,Rainwater,male,09/12/1917,USA,Council ID,US,31/03/1986,USA,Yonkers NY,US,Columbia University,New York NY,USA
457,1975,687,Tjalling C.,Koopmans,economics,2,"""for their contributions to the theory of optimum allocation of resources""",Tjalling C. Koopmans,687,Tjalling C.,Koopmans,male,28/08/1910,the Netherlands,'s Graveland,NL,26/02/1985,USA,New Haven CT,US,Yale University,New Haven CT,USA
458,1975,686,Leonid Vitaliyevich,Kantorovich,economics,2,"""for their contributions to the theory of optimum allocation of resources""",Leonid Vitaliyevich Kantorovich,686,Leonid Vitaliyevich,Kantorovich,male,19/01/1912,Russian Empire (now Russia),St. Petersburg,RU,07/04/1986,USSR (now Russia),Moscow,RU,Academy of Sciences,Moscow,USSR (now Russia)
459,1975,651,Eugenio,Montale,literature,1,"""for his distinctive poetry which with great artistic sensitivity has interpreted human values under the sign of an outlook on life with no illusions""",Eugenio Montale,651,Eugenio,Montale,male,1896-10-12,Italy,Genoa,IT,12/09/1981,Italy,Milan,IT,,,
460,1975,406,David,Baltimore,medicine,3,"""for their discoveries concerning the interaction between tumour viruses and the genetic material of the cell""",David Baltimore,406,David,Baltimore,male,07/03/1938,USA,New York NY,US,0000-00-00,,,,Massachusetts Institute of Technology (MIT),Cambridge MA,USA
461,1975,407,Renato,Dulbecco,medicine,3,"""for their discoveries concerning the interaction between tumour viruses and the genetic material of the cell""",Renato Dulbecco,407,Renato,Dulbecco,male,22/02/1914,Italy,Catanzaro,IT,19/02/2012,USA,La Jolla CA,US,Imperial Cancer Research Fund Laboratory,London,United Kingdom
462,1975,534,Andrei,Sakharov,peace,1,"""for his struggle for human rights in the Soviet Union for disarmament and cooperation between all nations""",Andrei Sakharov,534,Andrei,Sakharov,male,21/05/1921,Russia,Moscow,RU,14/12/1989,USSR (now Russia),Moscow,RU,,,
463,1976,688,Milton,Friedman,economics,1,"""for his achievements in the fields of consumption analysis monetary history and theory and for his demonstration of the complexity of stabilization policy""",Milton Friedman,688,Milton,Friedman,male,31/07/1912,USA,Brooklyn NY,US,16/11/2006,USA,San Francisco CA,US,University of Chicago,Chicago IL,USA
464,1976,249,William,Lipscomb,chemistry,1,"""for his studies on the structure of boranes illuminating problems of chemical bonding""",William Lipscomb,249,William,Lipscomb,male,09/12/1919,USA,Cleveland OH,US,14/04/2011,USA,Cambridge MA,US,Harvard University,Cambridge MA,USA
465,1976,536,Mairead,Corrigan,peace,2,"""for the courageous efforts in founding a movement to put an end to the violent conflict in Northern Ireland""",Mairead Corrigan,536,Mairead,Corrigan,female,27/01/1944,Northern Ireland,Belfast,GB,0000-00-00,,,,,,
466,1976,105,Burton,Richter,physics,2,"""for their pioneering work in the discovery of a heavy elementary particle of a new kind""",Burton Richter,105,Burton,Richter,male,22/03/1931,USA,Brooklyn NY,US,18/07/2018,USA,Stanford CA,US,Stanford Linear Accelerator Center,Stanford CA,USA
467,1976,106,Samuel C.C.,Ting,physics,2,"""for their pioneering work in the discovery of a heavy elementary particle of a new kind""",Samuel C.C. Ting,106,Samuel C.C.,Ting,male,27/01/1936,USA,Ann Arbor MI,US,0000-00-00,,,,Massachusetts Institute of Technology (MIT),Cambridge MA,USA
468,1976,409,Baruch S.,Blumberg,medicine,2,"""for their discoveries concerning new mechanisms for the origin and dissemination of infectious diseases""",Baruch S. Blumberg,409,Baruch S.,Blumberg,male,28/07/1925,USA,New York NY,US,05/04/2011,USA,Moffett Field CA,US,The Institute for Cancer Research,Philadelphia PA,USA
469,1976,410,D. Carleton,Gajdusek,medicine,2,"""for their discoveries concerning new mechanisms for the origin and dissemination of infectious diseases""",D. Carleton Gajdusek,410,D. Carleton,Gajdusek,male,09/09/1923,USA,Yonkers NY,US,12/12/2008,Norway,Tromsø,NO,National Institutes of Health,Bethesda MD,USA
470,1976,535,Betty,Williams,peace,2,"""for the courageous efforts in founding a movement to put an end to the violent conflict in Northern Ireland""",Betty Williams,535,Betty,Williams,female,22/05/1943,Northern Ireland,Belfast,GB,17/03/2020,Northern Ireland,Belfast,GB,,,
471,1976,652,Saul,Bellow,literature,1,"""for the human understanding and subtle analysis of contemporary culture that are combined in his work""",Saul Bellow,652,Saul,Bellow,male,10/06/1915,Canada,Montreal,CA,05/04/2005,USA,Brookline MA,US,,,
472,1977,107,Philip W.,Anderson,physics,3,"""for their fundamental theoretical investigations of the electronic structure of magnetic and disordered systems""",Philip W. Anderson,107,Philip W.,Anderson,male,13/12/1923,USA,Indianapolis IN,US,29/03/2020,USA,Princeton NJ,US,Bell Telephone Laboratories,Murray Hill NJ,USA
473,1977,690,James E.,Meade,economics,2,"""for their pathbreaking contribution to the theory of international trade and international capital movements""",James E. Meade,690,James E.,Meade,male,23/06/1907,United Kingdom,Swanage,GB,22/12/1995,United Kingdom,Cambridge,GB,University of Cambridge,Cambridge,United Kingdom
474,1977,689,Bertil,Ohlin,economics,2,"""for their pathbreaking contribution to the theory of international trade and international capital movements""",Bertil Ohlin,689,Bertil,Ohlin,male,1899-04-23,Sweden,Klippan,SE,03/08/1979,Sweden,Vålådalen,SE,Stockholm School of Economics,Stockholm,Sweden
475,1977,108,Sir Nevill F.,Mott,physics,3,"""for their fundamental theoretical investigations of the electronic structure of magnetic and disordered systems""",Sir Nevill F. Mott,108,Sir Nevill F.,Mott,male,30/09/1905,United Kingdom,Leeds,GB,08/08/1996,United Kingdom,Milton Keynes,GB,University of Cambridge,Cambridge,United Kingdom
476,1977,109,John H.,Van Vleck,physics,3,"""for their fundamental theoretical investigations of the electronic structure of magnetic and disordered systems""",John H. Van Vleck,109,John H.,Van Vleck,male,1899-03-13,USA,Middletown CT,US,27/10/1980,USA,Cambridge MA,US,Harvard University,Cambridge MA,USA
477,1977,412,Andrew V.,Schally,medicine,4,"""for their discoveries concerning the peptide hormone production of the brain""",Andrew V. Schally,412,Andrew V.,Schally,male,30/11/1926,Poland (now Lithuania),Wilno (now Vilnius),LT,0000-00-00,,,,Veterans Administration Hospital,New Orleans LA,USA
478,1977,413,Rosalyn,Yalow,medicine,2,"""for the development of radioimmunoassays of peptide hormones""",Rosalyn Yalow,413,Rosalyn,Yalow,female,19/07/1921,USA,New York NY,US,30/05/2011,USA,New York NY,US,Veterans Administration Hospital,Bronx NY,USA
479,1977,250,Ilya,Prigogine,chemistry,1,"""for his contributions to non-equilibrium thermodynamics particularly the theory of dissipative structures""",Ilya Prigogine,250,Ilya,Prigogine,male,25/01/1917,Russia,Moscow,RU,28/05/2003,Belgium,Brussels,BE,Université Libre de Bruxelles,Brussels,Belgium
480,1977,411,Roger,Guillemin,medicine,4,"""for their discoveries concerning the peptide hormone production of the brain""",Roger Guillemin,411,Roger,Guillemin,male,11/01/1924,France,Dijon,FR,0000-00-00,,,,The Salk Institute,San Diego CA,USA
481,1977,537,Amnesty International,,peace,1,"""for worldwide respect for human rights""",,467,Institute of International Law,,org,1873-00-00,,,,0000-00-00,,,,,,
482,1977,653,Vicente,Aleixandre,literature,1,"""for a creative poetic writing which illuminates man's condition in the cosmos and in present-day society at the same time representing the great renewal of the traditions of Spanish poetry between the wars""",Vicente Aleixandre,653,Vicente,Aleixandre,male,1898-04-26,Spain,Sevilla,ES,14/12/1984,Spain,Madrid,ES,,,
483,1978,538,Anwar,al-Sadat,peace,2,"""for jointly having negotiated peace between Egypt and Israel in 1978""",Anwar al-Sadat,538,Anwar,al-Sadat,male,25/12/1918,Egypt,Mit Abu al-Kawm,EG,06/10/1981,Egypt,Cairo,EG,,,
484,1978,539,Menachem,Begin,peace,2,"""for jointly having negotiated peace between Egypt and Israel in 1978""",Menachem Begin,539,Menachem,Begin,male,16/08/1913,Russian Empire (now Belarus),Brest Litovsk,BY,09/03/1992,Israel,Tel Aviv,IL,,,
485,1978,111,Arno,Penzias,physics,4,"""for their discovery of cosmic microwave background radiation""",Arno Penzias,111,Arno,Penzias,male,26/04/1933,Germany,Munich,DE,0000-00-00,,,,Bell Laboratories,Holmdel NJ,USA
486,1978,416,Hamilton O.,Smith,medicine,3,"""for the discovery of restriction enzymes and their application to problems of molecular genetics""",Hamilton O. Smith,416,Hamilton O.,Smith,male,23/08/1931,USA,New York NY,US,0000-00-00,,,,Johns Hopkins University School of Medicine,Baltimore MD,USA
487,1978,415,Daniel,Nathans,medicine,3,"""for the discovery of restriction enzymes and their application to problems of molecular genetics""",Daniel Nathans,415,Daniel,Nathans,male,30/10/1928,USA,Wilmington DE,US,16/11/1999,USA,Baltimore MD,US,Johns Hopkins University School of Medicine,Baltimore MD,USA
488,1978,414,Werner,Arber,medicine,3,"""for the discovery of restriction enzymes and their application to problems of molecular genetics""",Werner Arber,414,Werner,Arber,male,03/06/1929,Switzerland,Gränichen,CH,0000-00-00,,,,Biozentrum der Universität,Basel,Switzerland
489,1978,112,Robert Woodrow,Wilson,physics,4,"""for their discovery of cosmic microwave background radiation""",Robert Woodrow Wilson,112,Robert Woodrow,Wilson,male,10/01/1936,USA,Houston TX,US,0000-00-00,,,,Bell Laboratories,Holmdel NJ,USA
490,1978,654,Isaac Bashevis,Singer,literature,1,"""for his impassioned narrative art which with roots in a Polish-Jewish cultural tradition brings universal human conditions to life""",Isaac Bashevis Singer,654,Isaac Bashevis,Singer,male,14/07/1904,Russian Empire (now Poland),Leoncin,PL,24/07/1991,USA,Surfside FL,US,,,
491,1978,691,Herbert,Simon,economics,1,"""for his pioneering research into the decision-making process within economic organizations""",Herbert Simon,691,Herbert,Simon,male,15/06/1916,USA,Milwaukee WI,US,09/02/2001,USA,Pittsburgh PA,US,Carnegie Mellon University,Pittsburgh PA,USA
492,1978,110,Pyotr,Kapitsa,physics,2,"""for his basic inventions and discoveries in the area of low-temperature physics""",Pyotr Kapitsa,110,Pyotr,Kapitsa,male,1894-07-09,Russian Empire (now Russia),Kronshtadt,RU,08/04/1984,USSR (now Russia),Moscow,RU,Academy of Sciences,Moscow,USSR (now Russia)
493,1978,251,Peter,Mitchell,chemistry,1,"""for his contribution to the understanding of biological energy transfer through the formulation of the chemiosmotic theory""",Peter Mitchell,251,Peter,Mitchell,male,29/09/1920,United Kingdom,Mitcham,GB,10/04/1992,United Kingdom,Bodmin,GB,Glynn Research Laboratories,Bodmin,United Kingdom
494,1979,253,Georg,Wittig,chemistry,2,"""for their development of the use of boron- and phosphorus-containing compounds respectively into important reagents in organic synthesis""",Georg Wittig,253,Georg,Wittig,male,1897-06-16,Germany,Berlin,DE,26/08/1987,West Germany (now Germany),Heidelberg,DE,University of Heidelberg,Heidelberg,Germany
495,1979,692,Theodore W.,Schultz,economics,2,"""for their pioneering research into economic development research with particular consideration of the problems of developing countries""",Theodore W. Schultz,692,Theodore W.,Schultz,male,30/04/1902,USA,Arlington SD,US,26/02/1998,USA,Evanston IL,US,University of Chicago,Chicago IL,USA
496,1979,693,Sir Arthur,Lewis,economics,2,"""for their pioneering research into economic development research with particular consideration of the problems of developing countries""",Sir Arthur Lewis,693,Sir Arthur,Lewis,male,23/01/1915,British West Indies (now Saint Lucia),Castries,LC,15/06/1991,Barbados,Bridgetown,BB,Princeton University,Princeton NJ,USA
497,1979,540,Anjezë Gonxhe,Bojaxhiu,peace,1,"""for her work for bringing help to suffering humanity""",Anjezë Gonxhe Bojaxhiu,540,Anjezë Gonxhe,Bojaxhiu,female,26/08/1910,Ottoman Empire (now North Macedonia),Uskup (now Skopje),MK,05/09/1997,India,Calcutta,IN,,,
498,1979,252,Herbert C.,Brown,chemistry,2,"""for their development of the use of boron- and phosphorus-containing compounds respectively into important reagents in organic synthesis""",Herbert C. Brown,252,Herbert C.,Brown,male,22/05/1912,United Kingdom,London,GB,19/12/2004,USA,Lafayette IN,US,Purdue University,West Lafayette IN,USA
499,1979,113,Sheldon,Glashow,physics,3,"""for their contributions to the theory of the unified weak and electromagnetic interaction between elementary particles including inter alia the prediction of the weak neutral current""",Sheldon Glashow,113,Sheldon,Glashow,male,05/12/1932,USA,New York NY,US,0000-00-00,,,,Harvard University Lyman Laboratory,Cambridge MA,USA
500,1979,115,Steven,Weinberg,physics,3,"""for their contributions to the theory of the unified weak and electromagnetic interaction between elementary particles including inter alia the prediction of the weak neutral current""",Steven Weinberg,115,Steven,Weinberg,male,03/05/1933,USA,New York NY,US,23/07/2021,USA,Austin TX,US,Harvard University,Cambridge MA,USA
501,1979,418,Godfrey N.,Hounsfield,medicine,2,"""for the development of computer assisted tomography""",Godfrey N. Hounsfield,418,Godfrey N.,Hounsfield,male,28/08/1919,United Kingdom,Newark,GB,12/08/2004,United Kingdom,Kingston upon Thames,GB,Central Research Laboratories EMI,London,United Kingdom
502,1979,417,Allan M.,Cormack,medicine,2,"""for the development of computer assisted tomography""",Allan M. Cormack,417,Allan M.,Cormack,male,23/02/1924,South Africa,Johannesburg,ZA,07/05/1998,USA,Winchester MA,US,Tufts University,Medford MA,USA
503,1979,655,Odysseus,Elytis,literature,1,"""for his poetry which against the background of Greek tradition depicts with sensuous strength and intellectual clear-sightedness modern man's struggle for freedom and creativeness""",Odysseus Elytis,655,Odysseus,Elytis,male,02/11/1911,Crete (now Greece),Iráklion,GR,18/03/1996,Greece,Athens,GR,,,
504,1979,114,Abdus,Salam,physics,3,"""for their contributions to the theory of the unified weak and electromagnetic interaction between elementary particles including inter alia the prediction of the weak neutral current""",Abdus Salam,114,Abdus,Salam,male,29/01/1926,India (now Pakistan),Jhang Maghiāna,PK,21/11/1996,United Kingdom,Oxford,GB,International Centre for Theoretical Physics,Trieste,Italy
505,1980,222,Frederick,Sanger,chemistry,4,"""for their contributions concerning the determination of base sequences in nucleic acids""",Frederick Sanger,222,Frederick,Sanger,male,13/08/1918,United Kingdom,Rendcombe,GB,19/11/2013,United Kingdom,Cambridge,GB,University of Cambridge,Cambridge,United Kingdom
506,1980,420,Jean,Dausset,medicine,3,"""for their discoveries concerning genetically determined structures on the cell surface that regulate immunological reactions""",Jean Dausset,420,Jean,Dausset,male,19/10/1916,France,Toulouse,FR,06/06/2009,Spain,Palma Majorca,ES,Université de Paris Laboratoire Immuno-Hématologie,Paris,France
507,1980,419,Baruj,Benacerraf,medicine,3,"""for their discoveries concerning genetically determined structures on the cell surface that regulate immunological reactions""",Baruj Benacerraf,419,Baruj,Benacerraf,male,29/10/1920,Venezuela,Caracas,VE,02/08/2011,USA,Boston MA,US,Harvard Medical School,Boston MA,USA
508,1980,694,Lawrence R.,Klein,economics,1,"""for the creation of econometric models and the application to the analysis of economic fluctuations and economic policies""",Lawrence R. Klein,694,Lawrence R.,Klein,male,14/09/1920,USA,Omaha NE,US,20/10/2013,USA,Gladwyne PA,US,University of Pennsylvania,Philadelphia PA,USA
509,1980,254,Paul,Berg,chemistry,2,"""for his fundamental studies of the biochemistry of nucleic acids with particular regard to recombinant-DNA""",Paul Berg,254,Paul,Berg,male,30/06/1926,USA,New York NY,US,15/02/2023,USA,Stanford CA,US,Stanford University,Stanford CA,USA
510,1980,541,Adolfo,Pérez Esquivel,peace,1,"""for being a source of inspiration to repressed people especially in Latin America""",Adolfo Pérez Esquivel,541,Adolfo,Pérez Esquivel,male,26/11/1931,Argentina,Buenos Aires,AR,0000-00-00,,,,,,
511,1980,255,Walter,Gilbert,chemistry,4,"""for their contributions concerning the determination of base sequences in nucleic acids""",Walter Gilbert,255,Walter,Gilbert,male,21/03/1932,USA,Boston MA,US,0000-00-00,,,,Harvard University Biological Laboratories,Cambridge MA,USA
512,1980,117,Val,Fitch,physics,2,"""for the discovery of violations of fundamental symmetry principles in the decay of neutral K-mesons""",Val Fitch,117,Val,Fitch,male,10/03/1923,USA,Merriman NE,US,05/02/2015,USA,Princeton NJ,US,Princeton University,Princeton NJ,USA
513,1980,116,James,Cronin,physics,2,"""for the discovery of violations of fundamental symmetry principles in the decay of neutral K-mesons""",James Cronin,116,James,Cronin,male,29/09/1931,USA,Chicago IL,US,25/08/2016,USA,St. Paul MN,US,University of Chicago,Chicago IL,USA
514,1980,657,Czeslaw,Milosz,literature,1,"""who with uncompromising clear-sightedness voices man's exposed condition in a world of severe conflicts""",Czeslaw Milosz,657,Czeslaw,Milosz,male,30/06/1911,Russian Empire (now Lithuania),Śeteniai,LT,14/08/2004,Poland,Kraków,PL,,,
515,1980,421,George D.,Snell,medicine,3,"""for their discoveries concerning genetically determined structures on the cell surface that regulate immunological reactions""",George D. Snell,421,George D.,Snell,male,19/12/1903,USA,Bradford MA,US,06/06/1996,USA,Bar Harbor ME,US,Jackson Laboratory,Bar Harbor ME,USA
516,1981,695,James,Tobin,economics,1,"""for his analysis of financial markets and their relations to expenditure decisions employment production and prices""",James Tobin,695,James,Tobin,male,05/03/1918,USA,Champaign IL,US,11/03/2002,USA,New Haven CT,US,Yale University,New Haven CT,USA
517,1981,658,Elias,Canetti,literature,1,"""for writings marked by a broad outlook a wealth of ideas and artistic power""",Elias Canetti,658,Elias,Canetti,male,25/07/1905,Bulgaria,Ruse,BG,14/08/1994,Switzerland,Zurich,CH,,,
518,1981,423,David H.,Hubel,medicine,4,"""for their discoveries concerning information processing in the visual system""",David H. Hubel,423,David H.,Hubel,male,27/02/1926,Canada,Windsor ON,CA,22/09/2013,USA,Lincoln MA,US,Harvard Medical School,Boston MA,USA
519,1981,118,Nicolaas,Bloembergen,physics,4,"""for their contribution to the development of laser spectroscopy""",Nicolaas Bloembergen,118,Nicolaas,Bloembergen,male,11/03/1920,the Netherlands,Dordrecht,NL,05/09/2017,USA,Tucson AZ,US,Harvard University,Cambridge MA,USA
520,1981,515,Office of the United Nations High Commissioner for Refugees,,peace,1,"""for promoting the fundamental rights of refugees""",,467,Institute of International Law,,org,1873-00-00,,,,0000-00-00,,,,,,
521,1981,422,Roger W.,Sperry,medicine,2,"""for his discoveries concerning the functional specialization of the cerebral hemispheres""",Roger W. Sperry,422,Roger W.,Sperry,male,20/08/1913,USA,Hartford CT,US,17/04/1994,USA,Pasadena CA,US,California Institute of Technology (Caltech),Pasadena CA,USA
522,1981,257,Kenichi,Fukui,chemistry,2,"""for their theories developed independently concerning the course of chemical reactions""",Kenichi Fukui,257,Kenichi,Fukui,male,04/10/1918,Japan,Nara,JP,09/01/1998,Japan,Kyoto,JP,Kyoto University,Kyoto,Japan
523,1981,258,Roald,Hoffmann,chemistry,2,"""for their theories developed independently concerning the course of chemical reactions""",Roald Hoffmann,258,Roald,Hoffmann,male,18/07/1937,Poland (now Ukraine),Zloczov,UA,0000-00-00,,,,Cornell University,Ithaca NY,USA
524,1981,424,Torsten N.,Wiesel,medicine,4,"""for their discoveries concerning information processing in the visual system""",Torsten N. Wiesel,424,Torsten N.,Wiesel,male,03/06/1924,Sweden,Uppsala,SE,0000-00-00,,,,Harvard Medical School,Boston MA,USA
525,1981,119,Arthur L.,Schawlow,physics,4,"""for their contribution to the development of laser spectroscopy""",Arthur L. Schawlow,119,Arthur L.,Schawlow,male,05/05/1921,USA,Mount Vernon NY,US,28/04/1999,USA,Palo Alto CA,US,Stanford University,Stanford CA,USA
526,1981,120,Kai M.,Siegbahn,physics,2,"""for his contribution to the development of high-resolution electron spectroscopy""",Kai M. Siegbahn,120,Kai M.,Siegbahn,male,20/04/1918,Sweden,Lund,SE,20/07/2007,Sweden,Ängelholm,SE,Uppsala University,Uppsala,Sweden
527,1982,696,George J.,Stigler,economics,1,"""for his seminal studies of industrial structures functioning of markets and causes and effects of public regulation""",George J. Stigler,696,George J.,Stigler,male,17/01/1911,USA,Renton WA,US,01/12/1991,USA,Chicago IL,US,University of Chicago,Chicago IL,USA
528,1982,543,Alva,Myrdal,peace,2,"""for their work for disarmament and nuclear and weapon-free zones""",Alva Myrdal,543,Alva,Myrdal,female,31/01/1902,Sweden,Uppsala,SE,01/02/1986,Sweden,Stockholm,SE,,,
529,1982,659,Gabriel,García Márquez,literature,1,"""for his novels and short stories in which the fantastic and the realistic are combined in a richly composed world of imagination reflecting a continent's life and conflicts""",Gabriel García Márquez,659,Gabriel,García Márquez,male,06/03/1927,Colombia,Aracataca,CO,17/04/2014,Mexico,Mexico City,MX,,,
530,1982,427,John R.,Vane,medicine,3,"""for their discoveries concerning prostaglandins and related biologically active substances""",John R. Vane,427,John R.,Vane,male,29/03/1927,United Kingdom,Tardebigg,GB,19/11/2004,United Kingdom,Farnborough,GB,The Wellcome Research Laboratories,Beckenham,United Kingdom
531,1982,259,Aaron,Klug,chemistry,1,"""for his development of crystallographic electron microscopy and his structural elucidation of biologically important nucleic acid-protein complexes""",Aaron Klug,259,Aaron,Klug,male,11/08/1926,Lithuania,Zelvas,LT,20/11/2018,,,,MRC Laboratory of Molecular Biology,Cambridge,United Kingdom
532,1982,425,Sune K.,Bergström,medicine,3,"""for their discoveries concerning prostaglandins and related biologically active substances""",Sune K. Bergström,425,Sune K.,Bergström,male,10/01/1916,Sweden,Stockholm,SE,15/08/2004,Sweden,Stockholm,SE,Karolinska Institutet,Stockholm,Sweden
533,1982,121,Kenneth G.,Wilson,physics,1,"""for his theory for critical phenomena in connection with phase transitions""",Kenneth G. Wilson,121,Kenneth G.,Wilson,male,08/06/1936,USA,Waltham MA,US,15/06/2013,USA,Saco ME,US,Cornell University,Ithaca NY,USA
534,1982,544,Alfonso,García Robles,peace,2,"""for their work for disarmament and nuclear and weapon-free zones""",Alfonso García Robles,544,Alfonso,García Robles,male,20/03/1911,Mexico,Zamora,MX,02/09/1991,Mexico,Mexico City,MX,,,
535,1982,426,Bengt I.,Samuelsson,medicine,3,"""for their discoveries concerning prostaglandins and related biologically active substances""",Bengt I. Samuelsson,426,Bengt I.,Samuelsson,male,21/05/1934,Sweden,Halmstad,SE,0000-00-00,,,,Karolinska Institutet,Stockholm,Sweden
536,1983,545,Lech,Walesa,peace,1,"""for non-violent struggle for free trade unions and human rights in Poland""",Lech Walesa,545,Lech,Walesa,male,29/09/1943,Poland,Popowo,PL,0000-00-00,,,,,,
537,1983,260,Henry,Taube,chemistry,1,"""for his work on the mechanisms of electron transfer reactions especially in metal complexes""",Henry Taube,260,Henry,Taube,male,30/11/1915,Canada,Neudorf,CA,16/11/2005,USA,Stanford CA,US,Stanford University,Stanford CA,USA
538,1983,428,Barbara,McClintock,medicine,1,"""for her discovery of mobile genetic elements""",Barbara McClintock,428,Barbara,McClintock,female,16/06/1902,USA,Hartford CT,US,02/09/1992,USA,Huntington NY,US,Cold Spring Harbor Laboratory,Cold Spring Harbor NY,USA
539,1983,697,Gerard,Debreu,economics,1,"""for having incorporated new analytical methods into economic theory and for his rigorous reformulation of the theory of general equilibrium""",Gerard Debreu,697,Gerard,Debreu,male,04/07/1921,France,Calais,FR,31/12/2004,France,Paris,FR,University of California,Berkeley CA,USA
540,1983,660,William,Golding,literature,1,"""for his novels which with the perspicuity of realistic narrative art and the diversity and universality of myth illuminate the human condition in the world of today""",William Golding,660,William,Golding,male,19/09/1911,United Kingdom,St. Columb Minor,GB,19/06/1993,United Kingdom,Perranarworthal,GB,,,
541,1983,123,William A.,Fowler,physics,2,"""for his theoretical and experimental studies of the nuclear reactions of importance in the formation of the chemical elements in the universe""",William A. Fowler,123,William A.,Fowler,male,09/08/1911,USA,Pittsburgh PA,US,14/03/1995,USA,Pasadena CA,US,California Institute of Technology (Caltech),Pasadena CA,USA
542,1983,122,Subramanyan,Chandrasekhar,physics,2,"""for his theoretical studies of the physical processes of importance to the structure and evolution of the stars""",Subramanyan Chandrasekhar,122,Subramanyan,Chandrasekhar,male,19/10/1910,India (now Pakistan),Lahore,PK,21/08/1995,USA,Chicago IL,US,University of Chicago,Chicago IL,USA
543,1984,429,Niels K.,Jerne,medicine,3,"""for theories concerning the specificity in development and control of the immune system and the discovery of the principle for production of monoclonal antibodies""",Niels K. Jerne,429,Niels K.,Jerne,male,23/12/1911,United Kingdom,London,GB,07/10/1994,France,Castillon-du-Gard,FR,Basel Institute for Immunology,Basel,Switzerland
544,1984,430,Georges J.F.,Köhler,medicine,3,"""for theories concerning the specificity in development and control of the immune system and the discovery of the principle for production of monoclonal antibodies""",Georges J.F. Köhler,430,Georges J.F.,Köhler,male,17/04/1946,Germany,Munich,DE,01/03/1995,Germany,Freiburg im Breisgau,DE,Basel Institute for Immunology,Basel,Switzerland
545,1984,431,César,Milstein,medicine,3,"""for theories concerning the specificity in development and control of the immune system and the discovery of the principle for production of monoclonal antibodies""",César Milstein,431,César,Milstein,male,08/10/1927,Argentina,Bahia Blanca,AR,24/03/2002,United Kingdom,Cambridge,GB,MRC Laboratory of Molecular Biology,Cambridge,United Kingdom
546,1984,661,Jaroslav,Seifert,literature,1,"""for his poetry which endowed with freshness sensuality and rich inventiveness provides a liberating image of the indomitable spirit and versatility of man""",Jaroslav Seifert,661,Jaroslav,Seifert,male,23/09/1901,Austria-Hungary (now Czech Republic),Prague,CZ,10/01/1986,Czechoslovakia (now Czech Republic),Prague,CZ,,,
547,1984,546,Desmond,Tutu,peace,1,"""for his role as a unifying leader figure in the non-violent campaign to resolve the problem of apartheid in South Africa""",Desmond Tutu,546,Desmond,Tutu,male,07/10/1931,South Africa,Klerksdorp,ZA,26/12/2021,South Africa,Cape Town,ZA,,,
548,1984,261,Bruce,Merrifield,chemistry,1,"""for his development of methodology for chemical synthesis on a solid matrix""",Bruce Merrifield,261,Bruce,Merrifield,male,15/07/1921,USA,Fort Worth TX,US,14/05/2006,USA,Cresskill NJ,US,Rockefeller University,New York NY,USA
549,1984,125,Simon,van der Meer,physics,2,"""for their decisive contributions to the large project which led to the discovery of the field particles W and Z communicators of weak interaction""",Simon van der Meer,125,Simon,van der Meer,male,24/11/1925,the Netherlands,the Hague,NL,04/03/2011,Switzerland,Geneva,CH,CERN,Geneva,Switzerland
550,1984,124,Carlo,Rubbia,physics,2,"""for their decisive contributions to the large project which led to the discovery of the field particles W and Z communicators of weak interaction""",Carlo Rubbia,124,Carlo,Rubbia,male,31/03/1934,Italy,Gorizia,IT,0000-00-00,,,,CERN,Geneva,Switzerland
551,1984,698,Richard,Stone,economics,1,"""for having made fundamental contributions to the development of systems of national accounts and hence greatly improved the basis for empirical economic analysis""",Richard Stone,698,Richard,Stone,male,30/08/1913,United Kingdom,London,GB,06/12/1991,United Kingdom,Cambridge,GB,University of Cambridge,Cambridge,United Kingdom
552,1985,547,International Physicians for the Prevention of Nuclear War,,peace,1,"""for spreading authoritative information and by creating awareness of the catastrophic consequences of nuclear war""",,467,Institute of International Law,,org,1873-00-00,,,,0000-00-00,,,,,,
553,1985,126,Klaus,von Klitzing,physics,1,"""for the discovery of the quantized Hall effect""",Klaus von Klitzing,126,Klaus,von Klitzing,male,28/06/1943,German-occupied Poland (now Poland),Schroda,PL,0000-00-00,,,,Max-Planck-Institut für Festkörperforschung,Stuttgart,Germany
554,1985,433,Joseph L.,Goldstein,medicine,2,"""for their discoveries concerning the regulation of cholesterol metabolism""",Joseph L. Goldstein,433,Joseph L.,Goldstein,male,18/04/1940,USA,Sumter SC,US,0000-00-00,,,,University of Texas Southwestern Medical Center at Dallas,Dallas TX,USA
555,1985,432,Michael S.,Brown,medicine,2,"""for their discoveries concerning the regulation of cholesterol metabolism""",Michael S. Brown,432,Michael S.,Brown,male,13/04/1941,USA,New York NY,US,0000-00-00,,,,University of Texas Southwestern Medical Center at Dallas,Dallas TX,USA
556,1985,262,Herbert A.,Hauptman,chemistry,2,"""for their outstanding achievements in the development of direct methods for the determination of crystal structures""",Herbert A. Hauptman,262,Herbert A.,Hauptman,male,14/02/1917,USA,New York NY,US,23/10/2011,USA,Buffalo NY,US,The Medical Foundation of Buffalo,Buffalo NY,USA
557,1985,263,Jerome,Karle,chemistry,2,"""for their outstanding achievements in the development of direct methods for the determination of crystal structures""",Jerome Karle,263,Jerome,Karle,male,18/06/1918,USA,New York NY,US,06/06/2013,USA,Annandale VA,US,US Naval Research Laboratory,Washington D.C.,USA
558,1985,662,Claude,Simon,literature,1,"""who in his novel combines the poet's and the painter's creativeness with a deepened awareness of time in the depiction of the human condition""",Claude Simon,662,Claude,Simon,male,10/10/1913,Madagascar,Tananarive (now Antananarivo),MG,06/07/2005,France,Paris,FR,,,
559,1985,699,Franco,Modigliani,economics,1,"""for his pioneering analyses of saving and of financial markets""",Franco Modigliani,699,Franco,Modigliani,male,18/06/1918,Italy,Rome,IT,25/09/2003,USA,Cambridge MA,US,Massachusetts Institute of Technology (MIT),Cambridge MA,USA
560,1986,264,Dudley R.,Herschbach,chemistry,3,"""for their contributions concerning the dynamics of chemical elementary processes""",Dudley R. Herschbach,264,Dudley R.,Herschbach,male,18/06/1932,USA,San José CA,US,0000-00-00,,,,Harvard University,Cambridge MA,USA
561,1986,266,John C.,Polanyi,chemistry,3,"""for their contributions concerning the dynamics of chemical elementary processes""",John C. Polanyi,266,John C.,Polanyi,male,23/01/1929,Germany,Berlin,DE,0000-00-00,,,,University of Toronto,Toronto,Canada
562,1986,128,Gerd,Binnig,physics,4,"""for their design of the scanning tunneling microscope""",Gerd Binnig,128,Gerd,Binnig,male,20/07/1947,West Germany (now Germany),Frankfurt-on-the-Main,DE,0000-00-00,,,,IBM Zurich Research Laboratory,Rüschlikon,Switzerland
563,1986,129,Heinrich,Rohrer,physics,4,"""for their design of the scanning tunneling microscope""",Heinrich Rohrer,129,Heinrich,Rohrer,male,06/06/1933,Switzerland,Buchs,CH,16/05/2013,Switzerland,Wollerau,CH,IBM Zurich Research Laboratory,Rüschlikon,Switzerland
564,1986,127,Ernst,Ruska,physics,2,"""for his fundamental work in electron optics and for the design of the first electron microscope""",Ernst Ruska,127,Ernst,Ruska,male,25/12/1906,Germany,Heidelberg,DE,27/05/1988,Germany,West Berlin,DE,Fritz-Haber-Institut der Max-Planck-Gesellschaft,Berlin,Germany
565,1986,265,Yuan T.,Lee,chemistry,3,"""for their contributions concerning the dynamics of chemical elementary processes""",Yuan T. Lee,265,Yuan T.,Lee,male,19/11/1936,Taiwan,Hsinchu,TW,0000-00-00,,,,University of California,Berkeley CA,USA
566,1986,435,Rita,Levi-Montalcini,medicine,2,"""for their discoveries of growth factors""",Rita Levi-Montalcini,435,Rita,Levi-Montalcini,female,22/04/1909,Italy,Turin,IT,30/12/2012,Italy,Rome,IT,Institute of Cell Biology of the C.N.R.,Rome,Italy
567,1986,434,Stanley,Cohen,medicine,2,"""for their discoveries of growth factors""",Stanley Cohen,434,Stanley,Cohen,male,17/11/1922,USA,Brooklyn NY,US,05/02/2020,USA,Nashville TN,US,Vanderbilt University School of Medicine,Nashville TN,USA
568,1986,548,Elie,Wiesel,peace,1,"""for being a messenger to mankind: his message is one of peace atonement and dignity""",Elie Wiesel,548,Elie,Wiesel,male,30/09/1928,Romania,Sighet,RO,02/07/2016,USA,New York NY,US,,,
569,1986,663,Wole,Soyinka,literature,1,"""who in a wide cultural perspective and with poetic overtones fashions the drama of existence""",Wole Soyinka,663,Wole,Soyinka,male,13/07/1934,Nigeria,Abeokuta,NG,0000-00-00,,,,,,
570,1986,700,James M.,Buchanan Jr.,economics,1,"""for his development of the contractual and constitutional bases for the theory of economic and political decision-making""",James M. Buchanan Jr.,700,James M.,Buchanan Jr.,male,03/10/1919,USA,Murfreesboro TN,US,09/01/2013,USA,Blacksburg VA,US,Center for Study of Public Choice,Fairfax VA,USA
571,1987,269,Charles J.,Pedersen,chemistry,3,"""for their development and use of molecules with structure-specific interactions of high selectivity""",Charles J. Pedersen,269,Charles J.,Pedersen,male,03/10/1904,Korea (now South Korea),Pusan,KR,26/10/1989,USA,Salem NJ,US,Du Pont,Wilmington DE,USA
572,1987,664,Joseph,Brodsky,literature,1,"""for an all-embracing authorship imbued with clarity of thought and poetic intensity""",Joseph Brodsky,664,Joseph,Brodsky,male,24/05/1940,USSR (now Russia),Leningrad (now St. Petersburg),RU,28/01/1996,USA,New York NY,US,,,
573,1987,131,K. Alex,Müller,physics,2,"""for their important break-through in the discovery of superconductivity in ceramic materials""",K. Alex Müller,131,K. Alex,Müller,male,20/04/1927,Switzerland,Basel,CH,09/01/2023,Switzerland,Zurich,CH,IBM Zurich Research Laboratory,Rüschlikon,Switzerland
574,1987,268,Jean-Marie,Lehn,chemistry,3,"""for their development and use of molecules with structure-specific interactions of high selectivity""",Jean-Marie Lehn,268,Jean-Marie,Lehn,male,30/09/1939,France,Rosheim,FR,0000-00-00,,,,Université Louis Pasteur,Strasbourg,France
575,1987,130,J. Georg,Bednorz,physics,2,"""for their important break-through in the discovery of superconductivity in ceramic materials""",J. Georg Bednorz,130,J. Georg,Bednorz,male,16/05/1950,West Germany (now Germany),Neuenkirchen,DE,0000-00-00,,,,IBM Zurich Research Laboratory,Rüschlikon,Switzerland
576,1987,436,Susumu,Tonegawa,medicine,1,"""for his discovery of the genetic principle for generation of antibody diversity""",Susumu Tonegawa,436,Susumu,Tonegawa,male,05/09/1939,Japan,Nagoya,JP,0000-00-00,,,,Massachusetts Institute of Technology (MIT),Cambridge MA,USA
577,1987,701,Robert M.,Solow,economics,1,"""for his contributions to the theory of economic growth""",Robert M. Solow,701,Robert M.,Solow,male,23/08/1924,USA,Brooklyn NY,US,0000-00-00,,,,Massachusetts Institute of Technology (MIT),Cambridge MA,USA
578,1987,549,Oscar,Arias Sánchez,peace,1,"""for his work for lasting peace in Central America""",Oscar Arias Sánchez,549,Oscar,Arias Sánchez,male,13/09/1940,Costa Rica,Heredia,CR,0000-00-00,,,,,,
579,1987,267,Donald J.,Cram,chemistry,3,"""for their development and use of molecules with structure-specific interactions of high selectivity""",Donald J. Cram,267,Donald J.,Cram,male,22/04/1919,USA,Chester VT,US,17/06/2001,USA,Palm Desert CA,US,University of California,Los Angeles CA,USA
580,1988,550,United Nations Peacekeeping Forces,,peace,1,"""for preventing armed clashes and creating conditions for negotiations""",,467,Institute of International Law,,org,1873-00-00,,,,0000-00-00,,,,,,
581,1988,134,Jack,Steinberger,physics,3,"""for the neutrino beam method and the demonstration of the doublet structure of the leptons through the discovery of the muon neutrino""",Jack Steinberger,134,Jack,Steinberger,male,25/05/1921,Germany,Bad Kissingen,DE,12/12/2020,Switzerland,Geneva,CH,CERN,Geneva,Switzerland
582,1988,133,Melvin,Schwartz,physics,3,"""for the neutrino beam method and the demonstration of the doublet structure of the leptons through the discovery of the muon neutrino""",Melvin Schwartz,133,Melvin,Schwartz,male,02/11/1932,USA,New York NY,US,28/08/2006,USA,Twin Falls ID,US,Digital Pathways Inc.,Mountain View CA,USA
583,1988,132,Leon M.,Lederman,physics,3,"""for the neutrino beam method and the demonstration of the doublet structure of the leptons through the discovery of the muon neutrino""",Leon M. Lederman,132,Leon M.,Lederman,male,15/07/1922,USA,New York NY,US,03/10/2018,USA,Rexburg ID,US,Fermi National Accelerator Laboratory,Batavia IL,USA
584,1988,439,George H.,Hitchings,medicine,3,"""for their discoveries of important principles for drug treatment""",George H. Hitchings,439,George H.,Hitchings,male,18/04/1905,USA,Hoquiam WA,US,27/02/1998,USA,Chapel Hill NC,US,Wellcome Research Laboratories,Research Triangle Park NC,USA
585,1988,272,Hartmut,Michel,chemistry,3,"""for the determination of the three-dimensional structure of a photosynthetic reaction centre""",Hartmut Michel,272,Hartmut,Michel,male,18/07/1948,West Germany (now Germany),Ludwigsburg,DE,0000-00-00,,,,Max-Planck-Institut für Biophysik,Frankfurt-on-the-Main,Germany
586,1988,271,Robert,Huber,chemistry,3,"""for the determination of the three-dimensional structure of a photosynthetic reaction centre""",Robert Huber,271,Robert,Huber,male,20/02/1937,Germany,Munich,DE,0000-00-00,,,,Max-Planck-Institut für Biochemie,Martinsried,Germany
587,1988,270,Johann,Deisenhofer,chemistry,3,"""for the determination of the three-dimensional structure of a photosynthetic reaction centre""",Johann Deisenhofer,270,Johann,Deisenhofer,male,30/09/1943,Germany,Zusamaltheim,DE,0000-00-00,,,,University of Texas Southwestern Medical Center at Dallas,Dallas TX,USA
588,1988,665,Naguib,Mahfouz,literature,1,"""who through works rich in nuance - now clear-sightedly realistic now evocatively ambiguous - has formed an Arabian narrative art that applies to all mankind""",Naguib Mahfouz,665,Naguib,Mahfouz,male,11/12/1911,Egypt,Cairo,EG,30/08/2006,Egypt,Cairo,EG,,,
589,1988,437,Sir James W.,Black,medicine,3,"""for their discoveries of important principles for drug treatment""",Sir James W. Black,437,Sir James W.,Black,male,14/06/1924,Scotland,Uddingston,GB,21/03/2010,,,,London University King's College Hospital Medical School,London,United Kingdom
590,1988,438,Gertrude B.,Elion,medicine,3,"""for their discoveries of important principles for drug treatment""",Gertrude B. Elion,438,Gertrude B.,Elion,female,23/01/1918,USA,New York NY,US,21/02/1999,USA,Chapel Hill NC,US,Wellcome Research Laboratories,Research Triangle Park NC,USA
591,1988,702,Maurice,Allais,economics,1,"""for his pioneering contributions to the theory of markets and efficient utilization of resources""",Maurice Allais,702,Maurice,Allais,male,31/05/1911,France,Paris,FR,09/10/2010,France,Paris,FR,École Nationale Supérieur des Mines de Paris,Paris,France
592,1989,274,Thomas R.,Cech,chemistry,2,"""for their discovery of catalytic properties of RNA""",Thomas R. Cech,274,Thomas R.,Cech,male,08/12/1947,USA,Chicago IL,US,0000-00-00,,,,University of Colorado,Boulder CO,USA
593,1989,273,Sidney,Altman,chemistry,2,"""for their discovery of catalytic properties of RNA""",Sidney Altman,273,Sidney,Altman,male,07/05/1939,Canada,Montreal,CA,05/04/2022,USA,Rockleigh NJ,US,Yale University,New Haven CT,USA
594,1989,136,Hans G.,Dehmelt,physics,4,"""for the development of the ion trap technique""",Hans G. Dehmelt,136,Hans G.,Dehmelt,male,09/09/1922,Prussia (now Germany),Görlitz,DE,07/03/2017,USA,Seattle WA,US,University of Washington,Seattle WA,USA
595,1989,135,Norman F.,Ramsey,physics,2,"""for the invention of the separated oscillatory fields method and its use in the hydrogen maser and other atomic clocks""",Norman F. Ramsey,135,Norman F.,Ramsey,male,27/08/1915,USA,Washington D.C.,US,04/11/2011,USA,Wayland MA,US,Harvard University,Cambridge MA,USA
596,1989,440,J. Michael,Bishop,medicine,2,"""for their discovery of the cellular origin of retroviral oncogenes""",J. Michael Bishop,440,J. Michael,Bishop,male,22/02/1936,USA,York PA,US,0000-00-00,,,,University of California School of Medicine,San Francisco CA,USA
597,1989,137,Wolfgang,Paul,physics,4,"""for the development of the ion trap technique""",Wolfgang Paul,137,Wolfgang,Paul,male,10/08/1913,Germany,Lorenzkirch,DE,07/12/1993,Germany,Bonn,DE,University of Bonn,Bonn,Germany
598,1989,703,Trygve,Haavelmo,economics,1,"""for his clarification of the probability theory foundations of econometrics and his analyses of simultaneous economic structures""",Trygve Haavelmo,703,Trygve,Haavelmo,male,13/12/1911,Norway,Skedsmo,NO,26/07/1999,Norway,Oslo,NO,University of Oslo,Oslo,Norway
599,1989,666,Camilo José,Cela,literature,1,"""for a rich and intensive prose which with restrained compassion forms a challenging vision of man's vulnerability""",Camilo José Cela,666,Camilo José,Cela,male,11/05/1916,Spain,Iria Flavia,ES,17/01/2002,Spain,Madrid,ES,,,
600,1989,551,Lhamo,Thondup,peace,1,"""for advocating peaceful solutions based upon tolerance and mutual respect in order to preserve the historical and cultural heritage of his people""",Lhamo Thondup,551,Lhamo,Thondup,male,06/07/1935,Tibet (now China),Taktser,CN,0000-00-00,,,,,,
601,1989,441,Harold E.,Varmus,medicine,2,"""for their discovery of the cellular origin of retroviral oncogenes""",Harold E. Varmus,441,Harold E.,Varmus,male,18/12/1939,USA,Oceanside NY,US,0000-00-00,,,,University of California School of Medicine,San Francisco CA,USA
602,1990,667,Octavio,Paz,literature,1,"""for impassioned writing with wide horizons characterized by sensuous intelligence and humanistic integrity""",Octavio Paz,667,Octavio,Paz,male,31/03/1914,Mexico,Mexico City,MX,19/04/1998,Mexico,Mexico City,MX,,,
603,1990,140,Richard E.,Taylor,physics,3,"""for their pioneering investigations concerning deep inelastic scattering of electrons on protons and bound neutrons which have been of essential importance for the development of the quark model in particle physics""",Richard E. Taylor,140,Richard E.,Taylor,male,02/11/1929,Canada,Medicine Hat Alberta,CA,22/02/2018,USA,Stanford CA,US,Stanford University,Stanford CA,USA
604,1990,139,Henry W.,Kendall,physics,3,"""for their pioneering investigations concerning deep inelastic scattering of electrons on protons and bound neutrons which have been of essential importance for the development of the quark model in particle physics""",Henry W. Kendall,139,Henry W.,Kendall,male,09/12/1926,USA,Boston MA,US,15/02/1999,USA,Wakulla Springs State Park FL,US,Massachusetts Institute of Technology (MIT),Cambridge MA,USA
605,1990,138,Jerome I.,Friedman,physics,3,"""for their pioneering investigations concerning deep inelastic scattering of electrons on protons and bound neutrons which have been of essential importance for the development of the quark model in particle physics""",Jerome I. Friedman,138,Jerome I.,Friedman,male,28/03/1930,USA,Chicago IL,US,0000-00-00,,,,Massachusetts Institute of Technology (MIT),Cambridge MA,USA
606,1990,704,Harry M.,Markowitz,economics,3,"""for their pioneering work in the theory of financial economics""",Harry M. Markowitz,704,Harry M.,Markowitz,male,24/08/1927,USA,Chicago IL,US,0000-00-00,,,,City University of New York,New York NY,USA
607,1990,705,Merton H.,Miller,economics,3,"""for their pioneering work in the theory of financial economics""",Merton H. Miller,705,Merton H.,Miller,male,16/05/1923,USA,Boston MA,US,03/06/2000,USA,Chicago IL,US,University of Chicago,Chicago IL,USA
608,1990,442,Joseph E.,Murray,medicine,2,"""for their discoveries concerning organ and cell transplantation in the treatment of human disease""",Joseph E. Murray,442,Joseph E.,Murray,male,01/04/1919,USA,Milford MA,US,26/11/2012,USA,Boston MA,US,Brigham and Women's Hospital,Boston MA,USA
609,1990,552,Mikhail,Gorbachev,peace,1,"""for the leading role he played in the radical changes in East-West relations""",Mikhail Gorbachev,552,Mikhail,Gorbachev,male,02/03/1931,USSR (now Russia),Privolnoye,RU,30/08/2022,Russia,Moscow,RU,,,
610,1990,443,E. Donnall,Thomas,medicine,2,"""for their discoveries concerning organ and cell transplantation in the treatment of human disease""",E. Donnall Thomas,443,E. Donnall,Thomas,male,15/03/1920,USA,Mart TX,US,20/10/2012,USA,Seattle WA,US,Fred Hutchinson Cancer Research Center,Seattle WA,USA
611,1990,706,William F.,Sharpe,economics,3,"""for their pioneering work in the theory of financial economics""",William F. Sharpe,706,William F.,Sharpe,male,16/06/1934,USA,Boston MA,US,0000-00-00,,,,Stanford University,Stanford CA,USA
612,1990,275,Elias James,Corey,chemistry,1,"""for his development of the theory and methodology of organic synthesis""",Elias James Corey,275,Elias James,Corey,male,12/07/1928,USA,Methuen MA,US,0000-00-00,,,,Harvard University,Cambridge MA,USA
613,1991,707,Ronald H.,Coase,economics,1,"""for his discovery and clarification of the significance of transaction costs and property rights for the institutional structure and functioning of the economy""",Ronald H. Coase,707,Ronald H.,Coase,male,29/12/1910,United Kingdom,Willesden,GB,02/09/2013,USA,Chicago IL,US,University of Chicago,Chicago IL,USA
614,1991,668,Nadine,Gordimer,literature,1,"""who through her magnificent epic writing has - in the words of Alfred Nobel - been of very great benefit to humanity""",Nadine Gordimer,668,Nadine,Gordimer,female,20/11/1923,South Africa,Springs,ZA,13/07/2014,South Africa,Johannesburg,ZA,,,
615,1991,445,Bert,Sakmann,medicine,2,"""for their discoveries concerning the function of single ion channels in cells""",Bert Sakmann,445,Bert,Sakmann,male,12/06/1942,Germany,Stuttgart,DE,0000-00-00,,,,Max-Planck-Institut für medizinische Forschung,Heidelberg,Germany
616,1991,141,Pierre-Gilles,de Gennes,physics,1,"""for discovering that methods developed for studying order phenomena in simple systems can be generalized to more complex forms of matter in particular to liquid crystals and polymers""",Pierre-Gilles de Gennes,141,Pierre-Gilles,de Gennes,male,24/10/1932,France,Paris,FR,18/05/2007,France,Orsay,FR,Collège de France,Paris,France
617,1991,553,Aung San Suu Kyi,,peace,1,"""for her non-violent struggle for democracy and human rights""",,467,Institute of International Law,,org,1873-00-00,,,,0000-00-00,,,,,,
618,1991,444,Erwin,Neher,medicine,2,"""for their discoveries concerning the function of single ion channels in cells""",Erwin Neher,444,Erwin,Neher,male,20/03/1944,Germany,Landsberg,DE,0000-00-00,,,,Max-Planck-Institut für Biophysikalische Chemie,Göttingen,Germany
619,1991,276,Richard R.,Ernst,chemistry,1,"""for his contributions to the development of the methodology of high resolution nuclear magnetic resonance (NMR) spectroscopy""",Richard R. Ernst,276,Richard R.,Ernst,male,14/08/1933,Switzerland,Winterthur,CH,04/06/2021,Switzerland,Winterthur,CH,Eidgenössische Technische Hochschule (Swiss Federal Institute of Technology),Zurich,Switzerland
620,1992,669,Derek,Walcott,literature,1,"""for a poetic oeuvre of great luminosity sustained by a historical vision the outcome of a multicultural commitment""",Derek Walcott,669,Derek,Walcott,male,23/01/1930,Saint Lucia,Castries,LC,17/03/2017,Saint Lucia,Gros-Islet,LC,,,
621,1992,446,Edmond H.,Fischer,medicine,2,"""for their discoveries concerning reversible protein phosphorylation as a biological regulatory mechanism""",Edmond H. Fischer,446,Edmond H.,Fischer,male,06/04/1920,China,Shanghai,CN,27/08/2021,USA,Seattle WA,US,University of Washington,Seattle WA,USA
622,1992,277,Rudolph A.,Marcus,chemistry,1,"""for his contributions to the theory of electron transfer reactions in chemical systems""",Rudolph A. Marcus,277,Rudolph A.,Marcus,male,21/07/1923,Canada,Montreal,CA,0000-00-00,,,,California Institute of Technology (Caltech),Pasadena CA,USA
623,1992,708,Gary,Becker,economics,1,"""for having extended the domain of microeconomic analysis to a wide range of human behaviour and interaction including nonmarket behaviour""",Gary Becker,708,Gary,Becker,male,02/12/1930,USA,Pottsville PA,US,03/05/2014,USA,Chicago IL,US,University of Chicago,Chicago IL,USA
624,1992,554,Rigoberta,Menchú Tum,peace,1,"""for her struggle for social justice and ethno-cultural reconciliation based on respect for the rights of indigenous peoples""",Rigoberta Menchú Tum,554,Rigoberta,Menchú Tum,female,09/01/1959,Guatemala,Aldea Chimel,GT,0000-00-00,,,,,,
625,1992,142,Georges,Charpak,physics,1,"""for his invention and development of particle detectors in particular the multiwire proportional chamber""",Georges Charpak,142,Georges,Charpak,male,01/08/1924,Poland,Dabrovica,PL,29/09/2010,France,Paris,FR,École Supérieure de Physique et Chimie,Paris,France
626,1992,447,Edwin G.,Krebs,medicine,2,"""for their discoveries concerning reversible protein phosphorylation as a biological regulatory mechanism""",Edwin G. Krebs,447,Edwin G.,Krebs,male,06/06/1918,USA,Lansing IA,US,21/12/2009,USA,Seattle WA,US,University of Washington,Seattle WA,USA
627,1993,143,Russell A.,Hulse,physics,2,"""for the discovery of a new type of pulsar a discovery that has opened up new possibilities for the study of gravitation""",Russell A. Hulse,143,Russell A.,Hulse,male,28/11/1950,USA,New York NY,US,0000-00-00,,,,Princeton University,Princeton NJ,USA
628,1993,144,Joseph H.,Taylor Jr.,physics,2,"""for the discovery of a new type of pulsar a discovery that has opened up new possibilities for the study of gravitation""",Joseph H. Taylor Jr.,144,Joseph H.,Taylor Jr.,male,29/03/1941,USA,Philadelphia PA,US,0000-00-00,,,,Princeton University,Princeton NJ,USA
629,1993,670,Toni,Morrison,literature,1,"""who in novels characterized by visionary force and poetic import gives life to an essential aspect of American reality""",Toni Morrison,670,Toni,Morrison,female,18/02/1931,USA,Lorain OH,US,05/08/2019,USA,New York NY,US,,,
630,1993,710,Douglass C.,North,economics,2,"""for having renewed research in economic history by applying economic theory and quantitative methods in order to explain economic and institutional change""",Douglass C. North,710,Douglass C.,North,male,05/11/1920,USA,Cambridge MA,US,23/11/2015,USA,Benzonia MI,US,Washington University,St. Louis MO,USA
631,1993,279,Michael,Smith,chemistry,2,"""for his fundamental contributions to the establishment of oligonucleotide-based site-directed mutagenesis and its development for protein studies""",Michael Smith,279,Michael,Smith,male,26/04/1932,United Kingdom,Blackpool,GB,04/10/2000,Canada,Vancouver,CA,University of British Columbia,Vancouver,Canada
632,1993,449,Phillip A.,Sharp,medicine,2,"""for their discoveries of split genes""",Phillip A. Sharp,449,Phillip A.,Sharp,male,06/06/1944,USA,Falmouth KY,US,0000-00-00,,,,Massachusetts Institute of Technology (MIT) Center for Cancer Research,Cambridge MA,USA
633,1993,448,Richard J.,Roberts,medicine,2,"""for their discoveries of split genes""",Richard J. Roberts,448,Richard J.,Roberts,male,06/09/1943,United Kingdom,Derby,GB,0000-00-00,,,,New England Biolabs,Beverly MA,USA
634,1993,278,Kary B.,Mullis,chemistry,2,"""for his invention of the polymerase chain reaction (PCR) method""",Kary B. Mullis,278,Kary B.,Mullis,male,28/12/1944,USA,Lenoir NC,US,07/08/2019,USA,Newport Beach CA,US,,,
635,1993,556,F.W.,de Klerk,peace,2,"""for their work for the peaceful termination of the apartheid regime and for laying the foundations for a new democratic South Africa""",F.W. de Klerk,556,F.W.,de Klerk,male,18/03/1936,South Africa,Johannesburg,ZA,11/11/2021,South Africa,Cape Town,ZA,,,
636,1993,709,Robert W.,Fogel,economics,2,"""for having renewed research in economic history by applying economic theory and quantitative methods in order to explain economic and institutional change""",Robert W. Fogel,709,Robert W.,Fogel,male,01/07/1927,USA,New York NY,US,11/06/2013,USA,Oak Lawn IL,US,University of Chicago,Chicago IL,USA
637,1993,555,Nelson,Mandela,peace,2,"""for their work for the peaceful termination of the apartheid regime and for laying the foundations for a new democratic South Africa""",Nelson Mandela,555,Nelson,Mandela,male,18/07/1918,South Africa,Qunu,ZA,05/12/2013,South Africa,Johannesburg,ZA,,,
638,1994,450,Alfred G.,Gilman,medicine,2,"""for their discovery of G-proteins and the role of these proteins in signal transduction in cells""",Alfred G. Gilman,450,Alfred G.,Gilman,male,01/07/1941,USA,New Haven CT,US,23/12/2015,USA,Dallas TX,US,University of Texas Southwestern Medical Center at Dallas,Dallas TX,USA
639,1994,451,Martin,Rodbell,medicine,2,"""for their discovery of G-proteins and the role of these proteins in signal transduction in cells""",Martin Rodbell,451,Martin,Rodbell,male,01/12/1925,USA,Baltimore MD,US,07/12/1998,USA,Chapel Hill NC,US,National Institute of Environmental Health Sciences,Research Triangle Park NC,USA
640,1994,280,George A.,Olah,chemistry,1,"""for his contribution to carbocation chemistry""",George A. Olah,280,George A.,Olah,male,22/05/1927,Hungary,Budapest,HU,08/03/2017,USA,Los Angeles CA,US,University of Southern California,Los Angeles CA,USA
641,1994,145,Bertram N.,Brockhouse,physics,2,"""for the development of neutron spectroscopy""",Bertram N. Brockhouse,145,Bertram N.,Brockhouse,male,15/07/1918,Canada,Lethbridge Alberta,CA,13/10/2003,Canada,Hamilton Ontario,CA,McMaster University,Hamilton Ontario,Canada
642,1994,146,Clifford G.,Shull,physics,2,"""for the development of the neutron diffraction technique""",Clifford G. Shull,146,Clifford G.,Shull,male,23/09/1915,USA,Pittsburgh PA,US,31/03/2001,USA,Medford MA,US,Massachusetts Institute of Technology (MIT),Cambridge MA,USA
643,1994,671,Kenzaburo,Oe,literature,1,"""who with poetic force creates an imagined world where life and myth condense to form a disconcerting picture of the human predicament today""",Kenzaburo Oe,671,Kenzaburo,Oe,male,31/01/1935,Japan,Uchiko,JP,03/03/2023,Japan,Tokyo,JP,,,
644,1994,557,Yasser,Arafat,peace,3,"""for their efforts to create peace in the Middle East""",Yasser Arafat,557,Yasser,Arafat,male,24/08/1929,Egypt,Cairo,EG,11/11/2004,France,Paris,FR,,,
645,1994,559,Yitzhak,Rabin,peace,3,"""for their efforts to create peace in the Middle East""",Yitzhak Rabin,559,Yitzhak,Rabin,male,01/03/1922,British Mandate of Palestine (now Israel),Jerusalem,IL,04/11/1995,Israel,Tel Aviv,IL,,,
646,1994,558,Shimon,Peres,peace,3,"""for their efforts to create peace in the Middle East""",Shimon Peres,558,Shimon,Peres,male,16/08/1923,Poland (now Belarus),Vishneva,BY,28/09/2016,Israel,Tel Aviv,IL,,,
647,1994,711,John C.,Harsanyi,economics,3,"""for their pioneering analysis of equilibria in the theory of non-cooperative games""",John C. Harsanyi,711,John C.,Harsanyi,male,29/05/1920,Hungary,Budapest,HU,09/08/2000,USA,Berkeley CA,US,University of California,Berkeley CA,USA
648,1994,712,John F.,Nash Jr.,economics,3,"""for their pioneering analysis of equilibria in the theory of non-cooperative games""",John F. Nash Jr.,712,John F.,Nash Jr.,male,13/06/1928,USA,Bluefield WV,US,23/05/2015,USA,New Jersey NJ,US,Princeton University,Princeton NJ,USA
649,1994,713,Reinhard,Selten,economics,3,"""for their pioneering analysis of equilibria in the theory of non-cooperative games""",Reinhard Selten,713,Reinhard,Selten,male,05/10/1930,Germany (now Poland),Breslau (now Wroclaw),PL,23/08/2016,Poland,Poznan,PL,Rheinische Friedrich-Wilhelms-Universität,Bonn,Germany
650,1995,148,Frederick,Reines,physics,2,"""for the detection of the neutrino""",Frederick Reines,148,Frederick,Reines,male,16/03/1918,USA,Paterson NJ,US,26/08/1998,USA,Orange CA,US,University of California,Irvine CA,USA
651,1995,452,Edward B.,Lewis,medicine,3,"""for their discoveries concerning the genetic control of early embryonic development""",Edward B. Lewis,452,Edward B.,Lewis,male,20/05/1918,USA,Wilkes-Barre PA,US,21/07/2004,USA,Pasadena CA,US,California Institute of Technology (Caltech),Pasadena CA,USA
652,1995,281,Paul J.,Crutzen,chemistry,3,"""for their work in atmospheric chemistry particularly concerning the formation and decomposition of ozone""",Paul J. Crutzen,281,Paul J.,Crutzen,male,03/12/1933,the Netherlands,Amsterdam,NL,28/01/2021,Germany,Mainz,DE,Max-Planck-Institut für Chemie,Mainz,Germany
653,1995,282,Mario J.,Molina,chemistry,3,"""for their work in atmospheric chemistry particularly concerning the formation and decomposition of ozone""",Mario J. Molina,282,Mario J.,Molina,male,19/03/1943,Mexico,Mexico City,MX,07/10/2020,Mexico,Mexico City,MX,Massachusetts Institute of Technology (MIT),Cambridge MA,USA
654,1995,714,Robert E.,Lucas Jr.,economics,1,"""for having developed and applied the hypothesis of rational expectations and thereby having transformed macroeconomic analysis and deepened our understanding of economic policy""",Robert E. Lucas Jr.,714,Robert E.,Lucas Jr.,male,15/09/1937,USA,Yakima WA,US,15/05/2023,,,,University of Chicago,Chicago IL,USA
655,1995,672,Seamus,Heaney,literature,1,"""for works of lyrical beauty and ethical depth which exalt everyday miracles and the living past""",Seamus Heaney,672,Seamus,Heaney,male,13/04/1939,Northern Ireland,Casteldàwson,GB,30/08/2013,Ireland,Dublin,IE,,,
656,1995,283,F. Sherwood,Rowland,chemistry,3,"""for their work in atmospheric chemistry particularly concerning the formation and decomposition of ozone""",F. Sherwood Rowland,283,F. Sherwood,Rowland,male,28/06/1927,USA,Delaware OH,US,10/03/2012,USA,Corona del Mar CA,US,University of California,Irvine CA,USA
657,1995,453,Christiane,Nüsslein-Volhard,medicine,3,"""for their discoveries concerning the genetic control of early embryonic development""",Christiane Nüsslein-Volhard,453,Christiane,Nüsslein-Volhard,female,20/10/1942,Germany,Magdeburg,DE,0000-00-00,,,,Max-Planck-Institut für Entwicklungsbiologie,Tübingen,Germany
658,1995,560,Joseph,Rotblat,peace,2,"""for their efforts to diminish the part played by nuclear arms in international politics and in the longer run to eliminate such arms""",Joseph Rotblat,560,Joseph,Rotblat,male,04/11/1908,Russian Empire (now Poland),Warsaw,PL,31/08/2005,United Kingdom,London,GB,,,
659,1995,561,Pugwash Conferences on Science and World Affairs,,peace,2,"""for their efforts to diminish the part played by nuclear arms in international politics and in the longer run to eliminate such arms""",,467,Institute of International Law,,org,1873-00-00,,,,0000-00-00,,,,,,
660,1995,147,Martin L.,Perl,physics,2,"""for the discovery of the tau lepton""",Martin L. Perl,147,Martin L.,Perl,male,24/06/1927,USA,New York NY,US,30/09/2014,USA,Palo Alto CA,US,Stanford University,Stanford CA,USA
661,1995,454,Eric F.,Wieschaus,medicine,3,"""for their discoveries concerning the genetic control of early embryonic development""",Eric F. Wieschaus,454,Eric F.,Wieschaus,male,08/06/1947,USA,South Bend IN,US,0000-00-00,,,,Princeton University,Princeton NJ,USA
662,1996,149,David M.,Lee,physics,3,"""for their discovery of superfluidity in helium-3""",David M. Lee,149,David M.,Lee,male,20/01/1931,USA,Rye NY,US,0000-00-00,,,,Cornell University,Ithaca NY,USA
663,1996,151,Robert C.,Richardson,physics,3,"""for their discovery of superfluidity in helium-3""",Robert C. Richardson,151,Robert C.,Richardson,male,26/06/1937,USA,Washington D.C.,US,19/02/2013,USA,Ithaca NY,US,Cornell University,Ithaca NY,USA
664,1996,150,Douglas D.,Osheroff,physics,3,"""for their discovery of superfluidity in helium-3""",Douglas D. Osheroff,150,Douglas D.,Osheroff,male,01/08/1945,USA,Aberdeen WA,US,0000-00-00,,,,Stanford University,Stanford CA,USA
665,1996,455,Peter C.,Doherty,medicine,2,"""for their discoveries concerning the specificity of the cell mediated immune defence""",Peter C. Doherty,455,Peter C.,Doherty,male,15/10/1940,Australia,Brisbane,AU,0000-00-00,,,,St. Jude Children's Research Hospital,Memphis TN,USA
666,1996,456,Rolf M.,Zinkernagel,medicine,2,"""for their discoveries concerning the specificity of the cell mediated immune defence""",Rolf M. Zinkernagel,456,Rolf M.,Zinkernagel,male,06/01/1944,Switzerland,Basel,CH,0000-00-00,,,,University of Zurich Institute of Experimental Immunology,Zurich,Switzerland
667,1996,286,Richard E.,Smalley,chemistry,3,"""for their discovery of fullerenes""",Richard E. Smalley,286,Richard E.,Smalley,male,06/06/1943,USA,Akron OH,US,28/10/2005,USA,Houston TX,US,Rice University,Houston TX,USA
668,1996,673,Wislawa,Szymborska,literature,1,"""for poetry that with ironic precision allows the historical and biological context to come to light in fragments of human reality""",Wislawa Szymborska,673,Wislawa,Szymborska,female,02/07/1923,Poland,Bnin (now Kórnik),PL,01/02/2012,Poland,Kraków,PL,,,
669,1996,562,Carlos Filipe Ximenes,Belo,peace,2,"""for their work towards a just and peaceful solution to the conflict in East Timor""",Carlos Filipe Ximenes Belo,562,Carlos Filipe Ximenes,Belo,male,03/02/1948,East Timor,Wailacama,TL,0000-00-00,,,,,,
670,1996,563,José,Ramos-Horta,peace,2,"""for their work towards a just and peaceful solution to the conflict in East Timor""",José Ramos-Horta,563,José,Ramos-Horta,male,26/12/1949,East Timor,Dili,TL,0000-00-00,,,,,,
671,1996,284,Robert F.,Curl Jr.,chemistry,3,"""for their discovery of fullerenes""",Robert F. Curl Jr.,284,Robert F.,Curl Jr.,male,23/08/1933,USA,Alice TX,US,03/07/2022,USA,Houston TX,US,Rice University,Houston TX,USA
672,1996,716,William,Vickrey,economics,2,"""for their fundamental contributions to the economic theory of incentives under asymmetric information""",William Vickrey,716,William,Vickrey,male,21/06/1914,Canada,Victoria BC,CA,11/10/1996,USA,Harrison NY,US,Columbia University,New York NY,USA
673,1996,285,Sir Harold,Kroto,chemistry,3,"""for their discovery of fullerenes""",Sir Harold Kroto,285,Sir Harold,Kroto,male,07/10/1939,United Kingdom,Wisbech Cambridgeshire,GB,30/04/2016,United Kingdom,Lewes East Sussex,GB,University of Sussex,Brighton,United Kingdom
674,1996,715,James A.,Mirrlees,economics,2,"""for their fundamental contributions to the economic theory of incentives under asymmetric information""",James A. Mirrlees,715,James A.,Mirrlees,male,05/07/1936,Scotland,Minnigaff,GB,29/08/2018,United Kingdom,Cambridge,GB,University of Cambridge,Cambridge,United Kingdom
675,1997,674,Dario,Fo,literature,1,"""who emulates the jesters of the Middle Ages in scourging authority and upholding the dignity of the downtrodden""",Dario Fo,674,Dario,Fo,male,24/03/1926,Italy,Leggiuno-Sangiano,IT,13/10/2016,Italy,Milan,IT,,,
676,1997,288,John E.,Walker,chemistry,4,"""for their elucidation of the enzymatic mechanism underlying the synthesis of adenosine triphosphate (ATP)""",John E. Walker,288,John E.,Walker,male,07/01/1941,United Kingdom,Halifax,GB,0000-00-00,,,,MRC Laboratory of Molecular Biology,Cambridge,United Kingdom
677,1997,289,Jens C.,Skou,chemistry,2,"""for the first discovery of an ion-transporting enzyme Na+ K+ -ATPase""",Jens C. Skou,289,Jens C.,Skou,male,08/10/1918,Denmark,Lemvig,DK,28/05/2018,Denmark,Aarhus,DK,Aarhus University,Aarhus,Denmark
678,1997,717,Robert C.,Merton,economics,2,"""for a new method to determine the value of derivatives""",Robert C. Merton,717,Robert C.,Merton,male,31/07/1944,USA,New York NY,US,0000-00-00,,,,Harvard University,Cambridge MA,USA
679,1997,457,Stanley B.,Prusiner,medicine,1,"""for his discovery of Prions - a new biological principle of infection""",Stanley B. Prusiner,457,Stanley B.,Prusiner,male,28/05/1942,USA,Des Moines IA,US,0000-00-00,,,,University of California School of Medicine,San Francisco CA,USA
680,1997,154,William D.,Phillips,physics,3,"""for development of methods to cool and trap atoms with laser light""",William D. Phillips,154,William D.,Phillips,male,05/11/1948,USA,Wilkes-Barre PA,US,0000-00-00,,,,National Institute of Standards and Technology,Gaithersburg MD,USA
681,1997,718,Myron,Scholes,economics,2,"""for a new method to determine the value of derivatives""",Myron Scholes,718,Myron,Scholes,male,01/07/1941,Canada,Timmins ON,CA,0000-00-00,,,,Long Term Capital Management,Greenwich CT,USA
682,1997,153,Claude,Cohen-Tannoudji,physics,3,"""for development of methods to cool and trap atoms with laser light""",Claude Cohen-Tannoudji,153,Claude,Cohen-Tannoudji,male,01/04/1933,French Algeria (now Algeria),Constantine,DZ,0000-00-00,,,,Collège de France,Paris,France
683,1997,152,Steven,Chu,physics,3,"""for development of methods to cool and trap atoms with laser light""",Steven Chu,152,Steven,Chu,male,28/02/1948,USA,St. Louis MO,US,0000-00-00,,,,Stanford University,Stanford CA,USA
684,1997,565,Jody,Williams,peace,2,"""for their work for the banning and clearing of anti-personnel mines""",Jody Williams,565,Jody,Williams,female,09/10/1950,USA,Putney VT,US,0000-00-00,,,,,,
685,1997,564,International Campaign to Ban Landmines,,peace,2,"""for their work for the banning and clearing of anti-personnel mines""",,467,Institute of International Law,,org,1873-00-00,,,,0000-00-00,,,,,,
686,1997,287,Paul D.,Boyer,chemistry,4,"""for their elucidation of the enzymatic mechanism underlying the synthesis of adenosine triphosphate (ATP)""",Paul D. Boyer,287,Paul D.,Boyer,male,31/07/1918,USA,Provo UT,US,02/06/2018,USA,Los Angeles CA,US,University of California,Los Angeles CA,USA
687,1998,719,Amartya,Sen,economics,1,"""for his contributions to welfare economics""",Amartya Sen,719,Amartya,Sen,male,03/11/1933,India,Santiniketan,IN,0000-00-00,,,,Trinity College,Cambridge,United Kingdom
688,1998,156,Horst L.,Störmer,physics,3,"""for their discovery of a new form of quantum fluid with fractionally charged excitations""",Horst L. Störmer,156,Horst L.,Störmer,male,06/04/1949,West Germany (now Germany),Frankfurt-on-the-Main,DE,0000-00-00,,,,Columbia University,New York NY,USA
689,1998,675,José,Saramago,literature,1,"""who with parables sustained by imagination compassion and irony continually enables us once again to apprehend an elusory reality""",José Saramago,675,José,Saramago,male,16/11/1922,Portugal,Azinhaga,PT,18/06/2010,Spain,Lanzarote,ES,,,
690,1998,157,Daniel C.,Tsui,physics,3,"""for their discovery of a new form of quantum fluid with fractionally charged excitations""",Daniel C. Tsui,157,Daniel C.,Tsui,male,28/02/1939,China,Henan,CN,0000-00-00,,,,Princeton University,Princeton NJ,USA
691,1998,290,Walter,Kohn,chemistry,2,"""for his development of the density-functional theory""",Walter Kohn,290,Walter,Kohn,male,09/03/1923,Austria,Vienna,AT,19/04/2016,USA,Santa Barbara CA,US,University of California,Santa Barbara CA,USA
692,1998,458,Robert F.,Furchgott,medicine,3,"""for their discoveries concerning nitric oxide as a signalling molecule in the cardiovascular system""",Robert F. Furchgott,458,Robert F.,Furchgott,male,04/06/1916,USA,Charleston SC,US,19/05/2009,USA,Seattle WA,US,SUNY Health Science Center,Brooklyn NY,USA
693,1998,459,Louis J.,Ignarro,medicine,3,"""for their discoveries concerning nitric oxide as a signalling molecule in the cardiovascular system""",Louis J. Ignarro,459,Louis J.,Ignarro,male,31/05/1941,USA,Brooklyn NY,US,0000-00-00,,,,University of California School of Medicine,Los Angeles CA,USA
694,1998,460,Ferid,Murad,medicine,3,"""for their discoveries concerning nitric oxide as a signalling molecule in the cardiovascular system""",Ferid Murad,460,Ferid,Murad,male,14/09/1936,USA,Whiting IN,US,0000-00-00,,,,University of Texas Medical School at Houston,Houston TX,USA
695,1998,291,John,Pople,chemistry,2,"""for his development of computational methods in quantum chemistry""",John Pople,291,John,Pople,male,31/10/1925,United Kingdom,Burnham-on-Sea,GB,15/03/2004,USA,Chicago IL,US,Northwestern University,Evanston IL,USA
696,1998,566,John,Hume,peace,2,"""for their efforts to find a peaceful solution to the conflict in Northern Ireland""",John Hume,566,John,Hume,male,18/01/1937,Northern Ireland,Londonderry,GB,03/08/2020,Northern Ireland,Londonderry,GB,,,
697,1998,567,David,Trimble,peace,2,"""for their efforts to find a peaceful solution to the conflict in Northern Ireland""",David Trimble,567,David,Trimble,male,15/10/1944,Northern Ireland,Belfast,GB,25/07/2022,Northern Ireland,Belfast,GB,,,
698,1998,155,Robert B.,Laughlin,physics,3,"""for their discovery of a new form of quantum fluid with fractionally charged excitations""",Robert B. Laughlin,155,Robert B.,Laughlin,male,01/11/1950,USA,Visalia CA,US,0000-00-00,,,,Stanford University,Stanford CA,USA
699,1999,676,Günter,Grass,literature,1,"""whose frolicsome black fables portray the forgotten face of history""",Günter Grass,676,Günter,Grass,male,16/10/1927,Free City of Danzig (now Poland),Danzig (now Gdansk),PL,13/04/2015,Germany,Lübeck,DE,,,
700,1999,292,Ahmed,Zewail,chemistry,1,"""for his studies of the transition states of chemical reactions using femtosecond spectroscopy""",Ahmed Zewail,292,Ahmed,Zewail,male,26/02/1946,Egypt,Damanhur,EG,02/08/2016,USA,Pasadena CA,US,California Institute of Technology (Caltech),Pasadena CA,USA
701,1999,568,Doctors Without Borders,,peace,1,"""in recognition of the organisation's pioneering humanitarian work on several continents""",,467,Institute of International Law,,org,1873-00-00,,,,0000-00-00,,,,,,
702,1999,159,Martinus J.G.,Veltman,physics,2,"""for elucidating the quantum structure of electroweak interactions in physics""",Martinus J.G. Veltman,159,Martinus J.G.,Veltman,male,27/06/1931,the Netherlands,Waalwijk,NL,04/01/2021,the Netherlands,Bilthoven,NL,,,
703,1999,158,Gerardus,'t Hooft,physics,2,"""for elucidating the quantum structure of electroweak interactions in physics""",Gerardus 't Hooft,158,Gerardus,'t Hooft,male,05/07/1946,the Netherlands,Den Helder,NL,0000-00-00,,,,Utrecht University,Utrecht,the Netherlands
704,1999,720,Robert,Mundell,economics,1,"""for his analysis of monetary and fiscal policy under different exchange rate regimes and his analysis of optimum currency areas""",Robert Mundell,720,Robert,Mundell,male,24/10/1932,Canada,Kingston ON,CA,04/04/2021,Italy,Siena,IT,Columbia University,New York NY,USA
705,1999,461,Günter,Blobel,medicine,1,"""for the discovery that proteins have intrinsic signals that govern their transport and localization in the cell""",Günter Blobel,461,Günter,Blobel,male,21/05/1936,Germany (now Poland),Waltersdorf (now Niegoslawice),PL,18/02/2018,USA,New York NY,US,Rockefeller University,New York NY,USA
706,2000,730,Alan,MacDiarmid,chemistry,3,"""for the discovery and development of conductive polymers""",Alan MacDiarmid,730,Alan,MacDiarmid,male,14/04/1927,New Zealand,Masterton,NZ,07/02/2007,USA,Drexel Hill PA,US,University of Pennsylvania,Philadelphia PA,USA
707,2000,734,Xingjian,Gao,literature,1,"""for an œuvre of universal validity bitter insights and linguistic ingenuity which has opened new paths for the Chinese novel and drama""",Xingjian Gao,734,Xingjian,Gao,male,04/01/1940,China,Ganzhou,CN,0000-00-00,,,,,,
708,2000,733,Daniel L.,McFadden,economics,2,"""for his development of theory and methods for analyzing discrete choice""",Daniel L. McFadden,733,Daniel L.,McFadden,male,29/07/1937,USA,Raleigh NC,US,0000-00-00,,,,University of California,Berkeley CA,USA
709,2000,732,James J.,Heckman,economics,2,"""for his development of theory and methods for analyzing selective samples""",James J. Heckman,732,James J.,Heckman,male,19/04/1944,USA,Chicago IL,US,0000-00-00,,,,University of Chicago,Chicago IL,USA
710,2000,731,Hideki,Shirakawa,chemistry,3,"""for the discovery and development of conductive polymers""",Hideki Shirakawa,731,Hideki,Shirakawa,male,20/08/1936,Japan,Tokyo,JP,0000-00-00,,,,University of Tsukuba,Tsukuba,Japan
711,2000,729,Alan,Heeger,chemistry,3,"""for the discovery and development of conductive polymers""",Alan Heeger,729,Alan,Heeger,male,22/01/1936,USA,Sioux City IA,US,0000-00-00,,,,University of California,Santa Barbara CA,USA
712,2000,723,Paul,Greengard,medicine,3,"""for their discoveries concerning signal transduction in the nervous system""",Paul Greengard,723,Paul,Greengard,male,11/12/1925,USA,New York NY,US,13/04/2019,USA,New York NY,US,Rockefeller University,New York NY,USA
713,2000,727,Herbert,Kroemer,physics,4,"""for developing semiconductor heterostructures used in high-speed- and opto-electronics""",Herbert Kroemer,727,Herbert,Kroemer,male,25/08/1928,Germany,Weimar,DE,0000-00-00,,,,University of California,Santa Barbara CA,USA
714,2000,726,Zhores,Alferov,physics,4,"""for developing semiconductor heterostructures used in high-speed- and opto-electronics""",Zhores Alferov,726,Zhores,Alferov,male,15/03/1930,USSR (now Belarus),Vitebsk Belorussia,BY,01/03/2019,Russia,St. Petersburg,RU,A.F. Ioffe Physico-Technical Institute,St. Petersburg,Russia
715,2000,725,Kim,Dae-jung,peace,1,"""for his work for democracy and human rights in South Korea and in East Asia in general and for peace and reconciliation with North Korea in particular""",Kim Dae-jung,725,Kim,Dae-jung,male,03/12/1925,Korea (now South Korea),Mokpo,KR,18/08/2009,,,,,,
716,2000,724,Eric,Kandel,medicine,3,"""for their discoveries concerning signal transduction in the nervous system""",Eric Kandel,724,Eric,Kandel,male,07/11/1929,Austria,Vienna,AT,0000-00-00,,,,Columbia University,New York NY,USA
717,2000,722,Arvid,Carlsson,medicine,3,"""for their discoveries concerning signal transduction in the nervous system""",Arvid Carlsson,722,Arvid,Carlsson,male,25/01/1923,Sweden,Uppsala,SE,29/06/2018,Sweden,Gothenburg,SE,Göteborg University,Gothenburg,Sweden
718,2000,728,Jack,Kilby,physics,2,"""for his part in the invention of the integrated circuit""",Jack Kilby,728,Jack,Kilby,male,08/11/1923,USA,Jefferson City MO,US,20/06/2005,USA,Dallas TX,US,Texas Instruments,Dallas TX,USA
719,2001,744,George A.,Akerlof,economics,3,"""for their analyses of markets with asymmetric information""",George A. Akerlof,744,George A.,Akerlof,male,17/06/1940,USA,New Haven CT,US,0000-00-00,,,,University of California,Berkeley CA,USA
720,2001,749,Kofi,Annan,peace,2,"""for their work for a better organized and more peaceful world""",Kofi Annan,749,Kofi,Annan,male,08/04/1938,Gold Coast (now Ghana),Kumasi,GH,18/08/2018,Switzerland,Bern,CH,,,
721,2001,748,United Nations,,peace,2,"""for their work for a better organized and more peaceful world""",,467,Institute of International Law,,org,1873-00-00,,,,0000-00-00,,,,,,
722,2001,747,V. S.,Naipaul,literature,1,"""for having united perceptive narrative and incorruptible scrutiny in works that compel us to see the presence of suppressed histories""",V. S. Naipaul,747,V. S.,Naipaul,male,17/08/1932,Trinidad and Tobago,Chaguanas,TT,11/08/2018,United Kingdom,London,GB,,,
723,2001,746,Joseph E.,Stiglitz,economics,3,"""for their analyses of markets with asymmetric information""",Joseph E. Stiglitz,746,Joseph E.,Stiglitz,male,09/02/1943,USA,Gary IN,US,0000-00-00,,,,Columbia University,New York NY,USA
724,2001,745,A. Michael,Spence,economics,3,"""for their analyses of markets with asymmetric information""",A. Michael Spence,745,A. Michael,Spence,male,1943-00-00,USA,Montclair NJ,US,0000-00-00,,,,Stanford University,Stanford CA,USA
725,2001,743,Barry,Sharpless,chemistry,2,"""for his work on chirally catalysed oxidation reactions""",Barry Sharpless,743,Barry,Sharpless,male,28/04/1941,USA,Philadelphia PA,US,0000-00-00,,,,The Scripps Research Institute,La Jolla CA,USA
726,2001,742,Ryoji,Noyori,chemistry,4,"""for their work on chirally catalysed hydrogenation reactions""",Ryoji Noyori,742,Ryoji,Noyori,male,03/09/1938,Japan,Kobe,JP,0000-00-00,,,,Nagoya University,Nagoya,Japan
727,2001,741,William,Knowles,chemistry,4,"""for their work on chirally catalysed hydrogenation reactions""",William Knowles,741,William,Knowles,male,01/06/1917,USA,Taunton MA,US,13/06/2012,USA,Chesterfield MO,US,,,
728,2001,740,Carl,Wieman,physics,3,"""for the achievement of Bose-Einstein condensation in dilute gases of alkali atoms and for early fundamental studies of the properties of the condensates""",Carl Wieman,740,Carl,Wieman,male,26/03/1951,USA,Corvallis OR,US,0000-00-00,,,,University of Colorado JILA,Boulder CO,USA
729,2001,739,Wolfgang,Ketterle,physics,3,"""for the achievement of Bose-Einstein condensation in dilute gases of alkali atoms and for early fundamental studies of the properties of the condensates""",Wolfgang Ketterle,739,Wolfgang,Ketterle,male,21/10/1957,West Germany (now Germany),Heidelberg,DE,0000-00-00,,,,Massachusetts Institute of Technology (MIT),Cambridge MA,USA
730,2001,738,Eric,Cornell,physics,3,"""for the achievement of Bose-Einstein condensation in dilute gases of alkali atoms and for early fundamental studies of the properties of the condensates""",Eric Cornell,738,Eric,Cornell,male,19/12/1961,USA,Palo Alto CA,US,0000-00-00,,,,University of Colorado JILA,Boulder CO,USA
731,2001,737,Sir Paul,Nurse,medicine,3,"""for their discoveries of key regulators of the cell cycle""",Sir Paul Nurse,737,Sir Paul,Nurse,male,25/01/1949,United Kingdom,Norwich,GB,0000-00-00,,,,Imperial Cancer Research Fund,London,United Kingdom
732,2001,736,Tim,Hunt,medicine,3,"""for their discoveries of key regulators of the cell cycle""",Tim Hunt,736,Tim,Hunt,male,19/02/1943,United Kingdom,Neston,GB,0000-00-00,,,,Imperial Cancer Research Fund,London,United Kingdom
733,2001,735,Leland,Hartwell,medicine,3,"""for their discoveries of key regulators of the cell cycle""",Leland Hartwell,735,Leland,Hartwell,male,30/10/1939,USA,Los Angeles CA,US,0000-00-00,,,,Fred Hutchinson Cancer Research Center,Seattle WA,USA
734,2002,762,Jimmy,Carter,peace,1,"""for his decades of untiring effort to find peaceful solutions to international conflicts to advance democracy and human rights and to promote economic and social development""",Jimmy Carter,762,Jimmy,Carter,male,01/10/1924,USA,Plains GA,US,0000-00-00,,,,,,
735,2002,761,Imre,Kertész,literature,1,"""for writing that upholds the fragile experience of the individual against the barbaric arbitrariness of history""",Imre Kertész,761,Imre,Kertész,male,09/11/1929,Hungary,Budapest,HU,31/03/2016,Hungary,Budapest,HU,,,
736,2002,759,Daniel,Kahneman,economics,2,"""for having integrated insights from psychological research into economic science especially concerning human judgment and decision-making under uncertainty""",Daniel Kahneman,759,Daniel,Kahneman,male,05/03/1934,British Mandate of Palestine (now Israel),Tel Aviv,IL,0000-00-00,,,,Princeton University,Princeton NJ,USA
737,2002,758,Kurt,Wüthrich,chemistry,2,"""for his development of nuclear magnetic resonance spectroscopy for determining the three-dimensional structure of biological macromolecules in solution""",Kurt Wüthrich,758,Kurt,Wüthrich,male,04/10/1938,Switzerland,Aarberg,CH,0000-00-00,,,,Eidgenössische Technische Hochschule (Swiss Federal Institute of Technology),Zurich,Switzerland
738,2002,757,Koichi,Tanaka,chemistry,4,"""for their development of soft desorption ionisation methods for mass spectrometric analyses of biological macromolecules""",Koichi Tanaka,757,Koichi,Tanaka,male,03/08/1959,Japan,Toyama City,JP,0000-00-00,,,,Shimadzu Corp.,Kyoto,Japan
739,2002,756,John B.,Fenn,chemistry,4,"""for their development of soft desorption ionisation methods for mass spectrometric analyses of biological macromolecules""",John B. Fenn,756,John B.,Fenn,male,15/06/1917,USA,New York NY,US,10/12/2010,USA,Richmond VA,US,Virginia Commonwealth University,Richmond VA,USA
740,2002,760,Vernon L.,Smith,economics,2,"""for having established laboratory experiments as a tool in empirical economic analysis especially in the study of alternative market mechanisms""",Vernon L. Smith,760,Vernon L.,Smith,male,01/01/1927,USA,Wichita KS,US,0000-00-00,,,,George Mason University,Fairfax VA,USA
741,2002,754,Masatoshi,Koshiba,physics,4,"""for pioneering contributions to astrophysics in particular for the detection of cosmic neutrinos""",Masatoshi Koshiba,754,Masatoshi,Koshiba,male,19/09/1926,Japan,Toyohashi,JP,12/11/2020,Japan,Tokyo,JP,University of Tokyo,Tokyo,Japan
742,2002,753,Raymond,Davis Jr.,physics,4,"""for pioneering contributions to astrophysics in particular for the detection of cosmic neutrinos""",Raymond Davis Jr.,753,Raymond,Davis Jr.,male,14/10/1914,USA,Washington D.C.,US,31/05/2006,USA,Blue Point NY,US,University of Pennsylvania,Philadelphia PA,USA
743,2002,752,John E.,Sulston,medicine,3,"""for their discoveries concerning genetic regulation of organ development and programmed cell death'""",John E. Sulston,752,John E.,Sulston,male,27/03/1942,United Kingdom,Cambridge,GB,06/03/2018,United Kingdom,Stapleford Cambridgeshire,GB,The Wellcome Trust Sanger Institute,Cambridge,United Kingdom
744,2002,751,H. Robert,Horvitz,medicine,3,"""for their discoveries concerning genetic regulation of organ development and programmed cell death'""",H. Robert Horvitz,751,H. Robert,Horvitz,male,08/05/1947,USA,Chicago IL,US,0000-00-00,,,,Massachusetts Institute of Technology (MIT),Cambridge MA,USA
745,2002,750,Sydney,Brenner,medicine,3,"""for their discoveries concerning genetic regulation of organ development and programmed cell death'""",Sydney Brenner,750,Sydney,Brenner,male,13/01/1927,South Africa,Germiston,ZA,05/04/2019,Singapore,,SG,The Molecular Sciences Institute,Berkeley CA,USA
746,2002,755,Riccardo,Giacconi,physics,2,"""for pioneering contributions to astrophysics which have led to the discovery of cosmic X-ray sources""",Riccardo Giacconi,755,Riccardo,Giacconi,male,06/10/1931,Italy,Genoa,IT,16/12/2018,USA,La Jolla CA,US,Associated Universities Inc.,Washington D.C.,USA
747,2003,773,Shirin,Ebadi,peace,1,"""for her efforts for democracy and human rights. She has focused especially on the struggle for the rights of women and children""",Shirin Ebadi,773,Shirin,Ebadi,female,21/06/1947,Iran,Hamadan,IR,0000-00-00,,,,,,
748,2003,772,Clive W.J.,Granger,economics,2,"""for methods of analyzing economic time series with common trends (cointegration)""",Clive W.J. Granger,772,Clive W.J.,Granger,male,04/09/1934,United Kingdom,Swansea,GB,27/05/2009,USA,San Diego CA,US,University of California,San Diego CA,USA
749,2003,771,Robert F.,Engle III,economics,2,"""for methods of analyzing economic time series with time-varying volatility (ARCH)""",Robert F. Engle III,771,Robert F.,Engle III,male,10/11/1942,USA,Syracuse NY,US,0000-00-00,,,,New York University,New York NY,USA
750,2003,770,Roderick,MacKinnon,chemistry,2,"""for structural and mechanistic studies of ion channels""",Roderick MacKinnon,770,Roderick,MacKinnon,male,19/02/1956,USA,Burlington MA,US,0000-00-00,,,,Rockefeller University,New York NY,USA
751,2003,769,Peter,Agre,chemistry,2,"""for the discovery of water channels""",Peter Agre,769,Peter,Agre,male,30/01/1949,USA,Northfield MN,US,0000-00-00,,,,Johns Hopkins University School of Medicine,Baltimore MD,USA
752,2003,768,Anthony J.,Leggett,physics,3,"""for pioneering contributions to the theory of superconductors and superfluids""",Anthony J. Leggett,768,Anthony J.,Leggett,male,26/03/1938,United Kingdom,London,GB,0000-00-00,,,,University of Illinois,Urbana IL,USA
753,2003,767,Vitaly L.,Ginzburg,physics,3,"""for pioneering contributions to the theory of superconductors and superfluids""",Vitaly L. Ginzburg,767,Vitaly L.,Ginzburg,male,04/10/1916,Russia,Moscow,RU,08/11/2009,,,,P.N. Lebedev Physical Institute,Moscow,Russia
754,2003,765,Sir Peter,Mansfield,medicine,2,"""for their discoveries concerning magnetic resonance imaging""",Sir Peter Mansfield,765,Sir Peter,Mansfield,male,09/10/1933,United Kingdom,London,GB,08/02/2017,,,,University of Nottingham School of Physics and Astronomy,Nottingham,United Kingdom
755,2003,764,Paul C.,Lauterbur,medicine,2,"""for their discoveries concerning magnetic resonance imaging""",Paul C. Lauterbur,764,Paul C.,Lauterbur,male,06/05/1929,USA,Sidney OH,US,27/03/2007,USA,Urbana IL,US,University of Illinois,Urbana IL,USA
756,2003,763,J. M.,Coetzee,literature,1,"""who in innumerable guises portrays the surprising involvement of the outsider""",J. M. Coetzee,763,J. M.,Coetzee,male,09/02/1940,South Africa,Cape Town,ZA,0000-00-00,,,,,,
757,2003,766,Alexei,Abrikosov,physics,3,"""for pioneering contributions to the theory of superconductors and superfluids""",Alexei Abrikosov,766,Alexei,Abrikosov,male,25/06/1928,USSR (now Russia),Moscow,RU,29/03/2017,,,,Argonne National Laboratory,Argonne IL,USA
758,2004,787,Edward C.,Prescott,economics,2,"""for their contributions to dynamic macroeconomics: the time consistency of economic policy and the driving forces behind business cycles""",Edward C. Prescott,787,Edward C.,Prescott,male,26/12/1940,USA,Glens Falls NY,US,06/11/2022,USA,Paradise Valley AZ,US,Arizona State University,Tempe AZ,USA
759,2004,781,Irwin,Rose,chemistry,3,"""for the discovery of ubiquitin-mediated protein degradation""",Irwin Rose,781,Irwin,Rose,male,16/07/1926,USA,Brooklyn NY,US,03/06/2015,USA,Deerfield MA,US,University of California,Irvine CA,USA
760,2004,786,Finn E.,Kydland,economics,2,"""for their contributions to dynamic macroeconomics: the time consistency of economic policy and the driving forces behind business cycles""",Finn E. Kydland,786,Finn E.,Kydland,male,01/12/1943,Norway,Gjesdal,NO,0000-00-00,,,,Carnegie Mellon University,Pittsburgh PA,USA
761,2004,783,Wangari,Maathai,peace,1,"""for her contribution to sustainable development democracy and peace""",Wangari Maathai,783,Wangari,Maathai,female,01/04/1940,Kenya,Nyeri,KE,25/09/2011,Kenya,Nairobi,KE,,,
762,2004,782,Elfriede,Jelinek,literature,1,"""for her musical flow of voices and counter-voices in novels and plays that with extraordinary linguistic zeal reveal the absurdity of society's clich&eacute;s and their subjugating power""",Elfriede Jelinek,782,Elfriede,Jelinek,female,20/10/1946,Austria,Mürzzuschlag,AT,0000-00-00,,,,,,
763,2004,780,Avram,Hershko,chemistry,3,"""for the discovery of ubiquitin-mediated protein degradation""",Avram Hershko,780,Avram,Hershko,male,31/12/1937,Hungary,Karcag,HU,0000-00-00,,,,Technion - Israel Institute of Technology,Haifa,Israel
764,2004,776,David J.,Gross,physics,3,"""for the discovery of asymptotic freedom in the theory of the strong interaction""",David J. Gross,776,David J.,Gross,male,19/02/1941,USA,Washington D.C.,US,0000-00-00,,,,University of California Kavli Institute for Theoretical Physics,Santa Barbara CA,USA
765,2004,778,Frank,Wilczek,physics,3,"""for the discovery of asymptotic freedom in the theory of the strong interaction""",Frank Wilczek,778,Frank,Wilczek,male,15/05/1951,USA,New York NY,US,0000-00-00,,,,Massachusetts Institute of Technology (MIT),Cambridge MA,USA
766,2004,777,H. David,Politzer,physics,3,"""for the discovery of asymptotic freedom in the theory of the strong interaction""",H. David Politzer,777,H. David,Politzer,male,31/08/1949,USA,New York NY,US,0000-00-00,,,,California Institute of Technology (Caltech),Pasadena CA,USA
767,2004,775,Linda B.,Buck,medicine,2,"""for their discoveries of odorant receptors and the organization of the olfactory system""",Linda B. Buck,775,Linda B.,Buck,female,29/01/1947,USA,Seattle WA,US,0000-00-00,,,,Fred Hutchinson Cancer Research Center,Seattle WA,USA
768,2004,774,Richard,Axel,medicine,2,"""for their discoveries of odorant receptors and the organization of the olfactory system""",Richard Axel,774,Richard,Axel,male,02/07/1946,USA,New York NY,US,0000-00-00,,,,Columbia University,New York NY,USA
769,2004,779,Aaron,Ciechanover,chemistry,3,"""for the discovery of ubiquitin-mediated protein degradation""",Aaron Ciechanover,779,Aaron,Ciechanover,male,01/10/1947,British Protectorate of Palestine (now Israel),Haifa,IL,0000-00-00,,,,Technion - Israel Institute of Technology,Haifa,Israel
770,2005,801,Harold,Pinter,literature,1,"""who in his plays uncovers the precipice under everyday prattle and forces entry into oppression's closed rooms""",Harold Pinter,801,Harold,Pinter,male,10/10/1930,United Kingdom,London,GB,24/12/2008,United Kingdom,London,GB,,,
771,2005,800,Thomas C.,Schelling,economics,2,"""for having enhanced our understanding of conflict and cooperation through game-theory analysis""",Thomas C. Schelling,800,Thomas C.,Schelling,male,14/04/1921,USA,Oakland CA,US,13/12/2016,USA,Bethesda MD,US,University of Maryland Department of Economics and School of Public Policy,College Park MD,USA
772,2005,798,Mohamed,ElBaradei,peace,2,"""for their efforts to prevent nuclear energy from being used for military purposes and to ensure that nuclear energy for peaceful purposes is used in the safest possible way""",Mohamed ElBaradei,798,Mohamed,ElBaradei,male,17/06/1942,Egypt,Cairo,EG,0000-00-00,,,,,,
773,2005,797,International Atomic Energy Agency,,peace,2,"""for their efforts to prevent nuclear energy from being used for military purposes and to ensure that nuclear energy for peaceful purposes is used in the safest possible way""",,467,Institute of International Law,,org,1873-00-00,,,,0000-00-00,,,,,,
774,2005,796,Richard R.,Schrock,chemistry,3,"""for the development of the metathesis method in organic synthesis""",Richard R. Schrock,796,Richard R.,Schrock,male,04/01/1945,USA,Berne IN,US,0000-00-00,,,,Massachusetts Institute of Technology (MIT),Cambridge MA,USA
775,2005,795,Robert H.,Grubbs,chemistry,3,"""for the development of the metathesis method in organic synthesis""",Robert H. Grubbs,795,Robert H.,Grubbs,male,27/02/1942,USA,Possum Trot KY,US,19/12/2021,USA,Duarte CA,US,California Institute of Technology (Caltech),Pasadena CA,USA
776,2005,799,Robert J.,Aumann,economics,2,"""for having enhanced our understanding of conflict and cooperation through game-theory analysis""",Robert J. Aumann,799,Robert J.,Aumann,male,08/06/1930,Germany,Frankfurt-on-the-Main,DE,0000-00-00,,,,University of Jerusalem Center for RationalityHebrew,Jerusalem,Israel
777,2005,793,Theodor W.,Hänsch,physics,4,"""for their contributions to the development of laser-based precision spectroscopy including the optical frequency comb technique""",Theodor W. Hänsch,793,Theodor W.,Hänsch,male,30/10/1941,Germany,Heidelberg,DE,0000-00-00,,,,Max-Planck-Institut für Quantenoptik,Garching,Germany
778,2005,792,John L.,Hall,physics,4,"""for their contributions to the development of laser-based precision spectroscopy including the optical frequency comb technique""",John L. Hall,792,John L.,Hall,male,21/08/1934,USA,Denver CO,US,0000-00-00,,,,University of Colorado JILA,Boulder CO,USA
779,2005,791,Roy J.,Glauber,physics,2,"""for his contribution to the quantum theory of optical coherence""",Roy J. Glauber,791,Roy J.,Glauber,male,01/09/1925,USA,New York NY,US,26/12/2018,USA,Newton MA,US,Harvard University,Cambridge MA,USA
780,2005,790,J. Robin,Warren,medicine,2,"""for their discovery of the bacterium <i>Helicobacter pylori</i> and its role in gastritis and peptic ulcer disease""",J. Robin Warren,790,J. Robin,Warren,male,11/06/1937,Australia,Adelaide,AU,0000-00-00,,,,,,
781,2005,789,Barry J.,Marshall,medicine,2,"""for their discovery of the bacterium <i>Helicobacter pylori</i> and its role in gastritis and peptic ulcer disease""",Barry J. Marshall,789,Barry J.,Marshall,male,30/09/1951,Australia,Kalgoorlie,AU,0000-00-00,,,,NHMRC Helicobacter pylori Research Laboratory QEII Medical Centre,Nedlands,Australia
782,2005,794,Yves,Chauvin,chemistry,3,"""for the development of the metathesis method in organic synthesis""",Yves Chauvin,794,Yves,Chauvin,male,10/10/1930,Belgium,Menin,BE,27/01/2015,France,Tours,FR,Institut Français du Pétrole,Rueil-Malmaison,France
783,2006,810,Grameen Bank,,peace,2,"""for their efforts to create economic and social development from below""",,467,Institute of International Law,,org,1873-00-00,,,,0000-00-00,,,,,,
784,2006,809,Muhammad,Yunus,peace,2,"""for their efforts to create economic and social development from below""",Muhammad Yunus,809,Muhammad,Yunus,male,28/06/1940,British India (now Bangladesh),Chittagong,BD,0000-00-00,,,,,,
785,2006,808,Orhan,Pamuk,literature,1,"""who in the quest for the melancholic soul of his native city has discovered new symbols for the clash and interlacing of cultures""",Orhan Pamuk,808,Orhan,Pamuk,male,07/06/1952,Turkey,Istanbul,TR,0000-00-00,,,,,,
786,2006,807,Edmund S.,Phelps,economics,1,"""for his analysis of intertemporal tradeoffs in macroeconomic policy""",Edmund S. Phelps,807,Edmund S.,Phelps,male,26/07/1933,USA,Evanston IL,US,0000-00-00,,,,Columbia University,New York NY,USA
787,2006,806,Roger D.,Kornberg,chemistry,1,"""for his studies of the molecular basis of eukaryotic transcription""",Roger D. Kornberg,806,Roger D.,Kornberg,male,24/04/1947,USA,St. Louis MO,US,0000-00-00,,,,Stanford University,Stanford CA,USA
788,2006,805,George F.,Smoot,physics,2,"""for their discovery of the blackbody form and anisotropy of the cosmic microwave background radiation""",George F. Smoot,805,George F.,Smoot,male,20/02/1945,USA,Yukon FL,US,0000-00-00,,,,University of California,Berkeley CA,USA
789,2006,803,Craig C.,Mello,medicine,2,"""for their discovery of RNA interference - gene silencing by double-stranded RNA""",Craig C. Mello,803,Craig C.,Mello,male,18/10/1960,USA,New Haven CT,US,0000-00-00,,,,University of Massachusetts Medical School,Worcester MA,USA
790,2006,802,Andrew Z.,Fire,medicine,2,"""for their discovery of RNA interference - gene silencing by double-stranded RNA""",Andrew Z. Fire,802,Andrew Z.,Fire,male,27/04/1959,USA,Stanford CA,US,0000-00-00,,,,Stanford University School of Medicine,Stanford CA,USA
791,2006,804,John C.,Mather,physics,2,"""for their discovery of the blackbody form and anisotropy of the cosmic microwave background radiation""",John C. Mather,804,John C.,Mather,male,07/08/1946,USA,Roanoke VA,US,0000-00-00,,,,NASA Goddard Space Flight Center,Greenbelt MD,USA
792,2007,822,Roger B.,Myerson,economics,3,"""for having laid the foundations of mechanism design theory""",Roger B. Myerson,822,Roger B.,Myerson,male,29/03/1951,USA,Boston MA,US,0000-00-00,,,,University of Chicago,Chicago IL,USA
793,2007,821,Eric S.,Maskin,economics,3,"""for having laid the foundations of mechanism design theory""",Eric S. Maskin,821,Eric S.,Maskin,male,12/12/1950,USA,New York NY,US,0000-00-00,,,,Institute for Advanced Study,Princeton NJ,USA
794,2007,820,Leonid,Hurwicz,economics,3,"""for having laid the foundations of mechanism design theory""",Leonid Hurwicz,820,Leonid,Hurwicz,male,21/08/1917,Russia,Moscow,RU,24/06/2008,USA,Minneapolis MN,US,University of Minnesota,Minneapolis MN,USA
795,2007,819,Al,Gore,peace,2,"""for their efforts to build up and disseminate greater knowledge about man-made climate change and to lay the foundations for the measures that are needed to counteract such change""",Al Gore,819,Al,Gore,male,31/03/1948,USA,Washington D.C.,US,0000-00-00,,,,,,
796,2007,818,Intergovernmental Panel on Climate Change,,peace,2,"""for their efforts to build up and disseminate greater knowledge about man-made climate change and to lay the foundations for the measures that are needed to counteract such change""",,467,Institute of International Law,,org,1873-00-00,,,,0000-00-00,,,,,,
797,2007,816,Gerhard,Ertl,chemistry,1,"""for his studies of chemical processes on solid surfaces""",Gerhard Ertl,816,Gerhard,Ertl,male,10/10/1936,Germany,Bad Cannstatt,DE,0000-00-00,,,,Fritz-Haber-Institut der Max-Planck-Gesellschaft,Berlin,Germany
798,2007,817,Doris,Lessing,literature,1,"""that epicist of the female experience who with scepticism fire and visionary power has subjected a divided civilisation to scrutiny""",Doris Lessing,817,Doris,Lessing,female,22/10/1919,Persia (now Iran),Kermanshah,IR,17/11/2013,United Kingdom,London,GB,,,
799,2007,814,Albert,Fert,physics,2,"""for the discovery of Giant Magnetoresistance""",Albert Fert,814,Albert,Fert,male,07/03/1938,France,Carcassonne,FR,0000-00-00,,,,Universit&eacute; Paris-Sud,Orsay,France
800,2007,813,Oliver,Smithies,medicine,3,"""for their discoveries of principles for introducing specific gene modifications in mice by the use of embryonic stem cells""",Oliver Smithies,813,Oliver,Smithies,male,23/06/1925,United Kingdom,Halifax,GB,10/01/2017,USA,Chapel Hill NC,US,University of North Carolina,Chapel Hill NC,USA
801,2007,812,Sir Martin J.,Evans,medicine,3,"""for their discoveries of principles for introducing specific gene modifications in mice by the use of embryonic stem cells""",Sir Martin J. Evans,812,Sir Martin J.,Evans,male,01/01/1941,United Kingdom,Stroud,GB,0000-00-00,,,,Cardiff University,Cardiff,United Kingdom
802,2007,811,Mario R.,Capecchi,medicine,3,"""for their discoveries of principles for introducing specific gene modifications in mice by the use of embryonic stem cells""",Mario R. Capecchi,811,Mario R.,Capecchi,male,06/10/1937,Italy,Verona,IT,0000-00-00,,,,University of Utah,Salt Lake City UT,USA
803,2007,815,Peter,Grünberg,physics,2,"""for the discovery of Giant Magnetoresistance""",Peter Grünberg,815,Peter,Grünberg,male,18/05/1939,Czechoslovakia (now Czech Republic),Plzen,CZ,09/04/2018,Germany,Jülich,DE,Forschungszentrum J&uuml;lich,Jülich,Germany
804,2008,833,Martti,Ahtisaari,peace,1,"""for his important efforts on several continents and over more than three decades to resolve international conflicts""",Martti Ahtisaari,833,Martti,Ahtisaari,male,23/06/1937,Finland,Viipuri (now Vyborg),FI,0000-00-00,,,,,,
805,2008,832,Jean-Marie Gustave,Le Clézio,literature,1,"""author of new departures poetic adventure and sensual ecstasy explorer of a humanity beyond and below the reigning civilization""",Jean-Marie Gustave Le Clézio,832,Jean-Marie Gustave,Le Clézio,male,13/04/1940,France,Nice,FR,0000-00-00,,,,,,
806,2008,831,Roger Y.,Tsien,chemistry,3,"""for the discovery and development of the green fluorescent protein GFP""",Roger Y. Tsien,831,Roger Y.,Tsien,male,01/02/1952,USA,New York NY,US,24/08/2016,USA,Eugene OR,US,University of California,San Diego CA,USA
807,2008,830,Martin,Chalfie,chemistry,3,"""for the discovery and development of the green fluorescent protein GFP""",Martin Chalfie,830,Martin,Chalfie,male,15/01/1947,USA,Chicago IL,US,0000-00-00,,,,Columbia University,New York NY,USA
808,2008,829,Osamu,Shimomura,chemistry,3,"""for the discovery and development of the green fluorescent protein GFP""",Osamu Shimomura,829,Osamu,Shimomura,male,27/08/1928,Japan,Kyoto,JP,19/10/2018,Japan,Nagasaki,JP,Marine Biological Laboratory (MBL),Woods Hole MA,USA
809,2008,828,Toshihide,Maskawa,physics,4,"""for the discovery of the origin of the broken symmetry which predicts the existence of at least three families of quarks in nature""",Toshihide Maskawa,828,Toshihide,Maskawa,male,07/02/1940,Japan,Nagoya,JP,23/07/2021,Japan,Kyoto,JP,Kyoto Sangyo University,Kyoto,Japan
810,2008,834,Paul,Krugman,economics,1,"""for his analysis of trade patterns and location of economic activity""",Paul Krugman,834,Paul,Krugman,male,28/02/1953,USA,New York NY,US,0000-00-00,,,,Princeton University,Princeton NJ,USA
811,2008,826,Yoichiro,Nambu,physics,2,"""for the discovery of the mechanism of spontaneous broken symmetry in subatomic physics""",Yoichiro Nambu,826,Yoichiro,Nambu,male,18/01/1921,Japan,Tokyo,JP,05/07/2015,Japan,Osaka,JP,Enrico Fermi Institute University of Chicago,Chicago IL,USA
812,2008,825,Luc,Montagnier,medicine,4,"""for their discovery of human immunodeficiency virus""",Luc Montagnier,825,Luc,Montagnier,male,18/08/1932,France,Chabris,FR,08/02/2022,France,Paris,FR,World Foundation for AIDS Research and Prevention,Paris,France
813,2008,824,Françoise,Barré-Sinoussi,medicine,4,"""for their discovery of human immunodeficiency virus""",Françoise Barré-Sinoussi,824,Françoise,Barré-Sinoussi,female,30/07/1947,France,Paris,FR,0000-00-00,,,,Regulation of Retroviral Infections Unit Virology Department Institut Pasteur,Paris,France
814,2008,823,Harald,zur Hausen,medicine,2,"""for his discovery of human papilloma viruses causing cervical cancer""",Harald zur Hausen,823,Harald,zur Hausen,male,11/03/1936,Germany,Gelsenkirchen,DE,0000-00-00,,,,German Cancer Research Center,Heidelberg,Germany
815,2008,827,Makoto,Kobayashi,physics,4,"""for the discovery of the origin of the broken symmetry which predicts the existence of at least three families of quarks in nature""",Makoto Kobayashi,827,Makoto,Kobayashi,male,07/04/1944,Japan,Nagoya,JP,0000-00-00,,,,High Energy Accelerator Research Organization (KEK),Tsukuba,Japan
816,2009,847,Oliver E.,Williamson,economics,2,"""for his analysis of economic governance especially the boundaries of the firm""",Oliver E. Williamson,847,Oliver E.,Williamson,male,27/09/1932,USA,Superior WI,US,0000-00-00,,,,University of California,Berkeley CA,USA
817,2009,846,Elinor,Ostrom,economics,2,"""for her analysis of economic governance especially the commons""",Elinor Ostrom,846,Elinor,Ostrom,female,07/08/1933,USA,Los Angeles CA,US,12/06/2012,USA,Bloomington IN,US,Indiana University,Bloomington IN,USA
818,2009,845,Barack,Obama,peace,1,"""for his extraordinary efforts to strengthen international diplomacy and cooperation between peoples""",Barack Obama,845,Barack,Obama,male,04/08/1961,USA,Honolulu HI,US,0000-00-00,,,,,,
819,2009,844,Herta,Müller,literature,1,"""who with the concentration of poetry and the frankness of prose depicts the landscape of the dispossessed""",Herta Müller,844,Herta,Müller,female,17/08/1953,Romania,Nitzkydorf Banat,RO,0000-00-00,,,,,,
820,2009,843,Ada E.,Yonath,chemistry,3,"""for studies of the structure and function of the ribosome""",Ada E. Yonath,843,Ada E.,Yonath,female,22/06/1939,British Mandate of Palestine (now Israel),Jerusalem,IL,0000-00-00,,,,Weizmann Institute of Science,Rehovot,Israel
821,2009,842,Thomas A.,Steitz,chemistry,3,"""for studies of the structure and function of the ribosome""",Thomas A. Steitz,842,Thomas A.,Steitz,male,23/08/1940,USA,Milwaukee WI,US,23/08/2018,USA,Branford CT,US,Yale University,New Haven CT,USA
822,2009,841,Venkatraman,Ramakrishnan,chemistry,3,"""for studies of the structure and function of the ribosome""",Venkatraman Ramakrishnan,841,Venkatraman,Ramakrishnan,male,1952-00-00,India,Chidambaram Tamil Nadu,IN,0000-00-00,,,,MRC Laboratory of Molecular Biology,Cambridge,United Kingdom
823,2009,840,George E.,Smith,physics,4,"""for the invention of an imaging semiconductor circuit - the CCD sensor""",George E. Smith,840,George E.,Smith,male,10/05/1930,USA,White Plains NY,US,0000-00-00,,,,Bell Laboratories,Murray Hill NJ,USA
824,2009,838,Charles K.,Kao,physics,2,"""for groundbreaking achievements concerning the transmission of light in fibers for optical communication""",Charles K. Kao,838,Charles K.,Kao,male,04/11/1933,China,Shanghai,CN,23/09/2018,,Hong Kong,,Standard Telecommunication Laboratories,Harlow,United Kingdom
825,2009,837,Jack W.,Szostak,medicine,3,"""for the discovery of how chromosomes are protected by telomeres and the enzyme telomerase""",Jack W. Szostak,837,Jack W.,Szostak,male,09/11/1952,United Kingdom,London,GB,0000-00-00,,,,Harvard Medical School,Boston MA,USA
826,2009,836,Carol W.,Greider,medicine,3,"""for the discovery of how chromosomes are protected by telomeres and the enzyme telomerase""",Carol W. Greider,836,Carol W.,Greider,female,15/04/1961,USA,San Diego CA,US,0000-00-00,,,,Johns Hopkins University School of Medicine,Baltimore MD,USA
827,2009,835,Elizabeth H.,Blackburn,medicine,3,"""for the discovery of how chromosomes are protected by telomeres and the enzyme telomerase""",Elizabeth H. Blackburn,835,Elizabeth H.,Blackburn,female,26/11/1948,Australia,Hobart Tasmania,AU,0000-00-00,,,,University of California,San Francisco CA,USA
828,2009,839,Willard S.,Boyle,physics,4,"""for the invention of an imaging semiconductor circuit - the CCD sensor""",Willard S. Boyle,839,Willard S.,Boyle,male,19/08/1924,Canada,Amherst NS,CA,07/05/2011,Canada,Truro NS,CA,Bell Laboratories,Murray Hill NJ,USA
829,2010,857,Dale T.,Mortensen,economics,3,"""for their analysis of markets with search frictions""",Dale T. Mortensen,857,Dale T.,Mortensen,male,02/02/1939,USA,Enterprise OR,US,09/01/2014,USA,Wilmette IL,US,Northwestern University,Evanston IL,USA
830,2010,854,Mario,Vargas Llosa,literature,1,"""for his cartography of structures of power and his trenchant images of the individual's resistance revolt and defeat""",Mario Vargas Llosa,854,Mario,Vargas Llosa,male,28/03/1936,Peru,Arequipa,PE,0000-00-00,,,,,,
831,2010,858,Christopher A.,Pissarides,economics,3,"""for their analysis of markets with search frictions""",Christopher A. Pissarides,858,Christopher A.,Pissarides,male,20/02/1948,Cyprus,Nicosia,CY,0000-00-00,,,,London School of Economics and Political Science,London,United Kingdom
832,2010,855,Xiaobo,Liu,peace,1,"""for his long and non-violent struggle for fundamental human rights in China""",Xiaobo Liu,855,Xiaobo,Liu,male,28/12/1955,China,Changchun,CN,13/07/2017,China,Shenyang,CN,,,
833,2010,853,Akira,Suzuki,chemistry,3,"""for palladium-catalyzed cross couplings in organic synthesis""",Akira Suzuki,853,Akira,Suzuki,male,12/09/1930,Japan,Mukawa,JP,0000-00-00,,,,Hokkaido University,Sapporo,Japan
834,2010,856,Peter A.,Diamond,economics,3,"""for their analysis of markets with search frictions""",Peter A. Diamond,856,Peter A.,Diamond,male,29/04/1940,USA,New York NY,US,0000-00-00,,,,Massachusetts Institute of Technology (MIT),Cambridge MA,USA
835,2010,851,Richard F.,Heck,chemistry,3,"""for palladium-catalyzed cross couplings in organic synthesis""",Richard F. Heck,851,Richard F.,Heck,male,15/08/1931,USA,Springfield MA,US,09/10/2015,Philippines,Manila,PH,University of Delaware,,USA
836,2010,850,Konstantin,Novoselov,physics,2,"""for groundbreaking experiments regarding the two-dimensional material graphene""",Konstantin Novoselov,850,Konstantin,Novoselov,male,23/08/1974,Russia,Nizhny Tagil,RU,0000-00-00,,,,University of Manchester,Manchester,United Kingdom
837,2010,849,Andre,Geim,physics,2,"""for groundbreaking experiments regarding the two-dimensional material graphene""",Andre Geim,849,Andre,Geim,male,21/10/1958,Russia,Sochi,RU,0000-00-00,,,,University of Manchester,Manchester,United Kingdom
838,2010,848,Robert G.,Edwards,medicine,1,"""for the development of in vitro fertilization""",Robert G. Edwards,848,Robert G.,Edwards,male,27/09/1925,United Kingdom,Batley,GB,10/04/2013,United Kingdom,Cambridge,GB,University of Cambridge,Cambridge,United Kingdom
839,2010,852,Ei-ichi,Negishi,chemistry,3,"""for palladium-catalyzed cross couplings in organic synthesis""",Ei-ichi Negishi,852,Ei-ichi,Negishi,male,14/07/1935,China,Changchun,CN,06/06/2021,USA,Indianapolis IN,US,Purdue University,West Lafayette IN,USA
840,2011,873,Christopher A.,Sims,economics,2,"""for their empirical research on cause and effect in the macroeconomy""",Christopher A. Sims,873,Christopher A.,Sims,male,21/10/1942,USA,Washington D.C.,US,0000-00-00,,,,Princeton University,Princeton NJ,USA
841,2011,871,Tawakkol,Karman,peace,3,"""for their non-violent struggle for the safety of women and for women's rights to full participation in peace-building work""",Tawakkol Karman,871,Tawakkol,Karman,female,07/02/1979,Yemen,Ta'izz,YE,0000-00-00,,,,,,
842,2011,870,Leymah,Gbowee,peace,3,"""for their non-violent struggle for the safety of women and for women's rights to full participation in peace-building work""",Leymah Gbowee,870,Leymah,Gbowee,female,01/02/1972,Liberia,Monrovia,LR,0000-00-00,,,,,,
843,2011,869,Ellen,Johnson Sirleaf,peace,3,"""for their non-violent struggle for the safety of women and for women's rights to full participation in peace-building work""",Ellen Johnson Sirleaf,869,Ellen,Johnson Sirleaf,female,29/10/1938,Liberia,Monrovia,LR,0000-00-00,,,,,,
844,2011,868,Tomas,Tranströmer,literature,1,"""because through his condensed translucent images he gives us fresh access to reality""",Tomas Tranströmer,868,Tomas,Tranströmer,male,15/04/1931,Sweden,Stockholm,SE,26/03/2015,Sweden,Stockholm,SE,,,
845,2011,867,Dan,Shechtman,chemistry,1,"""for the discovery of quasicrystals""",Dan Shechtman,867,Dan,Shechtman,male,24/01/1941,British Mandate of Palestine (now Israel),Tel Aviv,IL,0000-00-00,,,,Technion - Israel Institute of Technology,Haifa,Israel
846,2011,872,Thomas J.,Sargent,economics,2,"""for their empirical research on cause and effect in the macroeconomy""",Thomas J. Sargent,872,Thomas J.,Sargent,male,19/07/1943,USA,Pasadena CA,US,0000-00-00,,,,New York University,New York NY,USA
847,2011,865,Brian P.,Schmidt,physics,4,"""for the discovery of the accelerating expansion of the Universe through observations of distant supernovae""",Brian P. Schmidt,865,Brian P.,Schmidt,male,24/02/1967,USA,Missoula MT,US,0000-00-00,,,,Australian National University,Weston Creek,Australia
848,2011,864,Saul,Perlmutter,physics,2,"""for the discovery of the accelerating expansion of the Universe through observations of distant supernovae""",Saul Perlmutter,864,Saul,Perlmutter,male,1959-00-00,USA,Champaign-Urbana IL,US,0000-00-00,,,,Lawrence Berkeley National Laboratory,Berkeley CA,USA
849,2011,863,Ralph M.,Steinman,medicine,2,"""for his discovery of the dendritic cell and its role in adaptive immunity""",Ralph M. Steinman,863,Ralph M.,Steinman,male,14/01/1943,Canada,Montreal,CA,30/09/2011,USA,New York NY,US,Rockefeller University,New York NY,USA
850,2011,862,Jules A.,Hoffmann,medicine,4,"""for their discoveries concerning the activation of innate immunity""",Jules A. Hoffmann,862,Jules A.,Hoffmann,male,02/08/1941,Luxembourg,Echternach,LU,0000-00-00,,,,University of Strasbourg,Strasbourg,France
851,2011,861,Bruce A.,Beutler,medicine,4,"""for their discoveries concerning the activation of innate immunity""",Bruce A. Beutler,861,Bruce A.,Beutler,male,29/12/1957,USA,Chicago IL,US,0000-00-00,,,,University of Texas Southwestern Medical Center at Dallas,Dallas TX,USA
852,2011,866,Adam G.,Riess,physics,4,"""for the discovery of the accelerating expansion of the Universe through observations of distant supernovae""",Adam G. Riess,866,Adam G.,Riess,male,16/12/1969,USA,Washington D.C.,US,0000-00-00,,,,Johns Hopkins University,Baltimore MD,USA
853,2012,883,Lloyd S.,Shapley,economics,2,"""for the theory of stable allocations and the practice of market design""",Lloyd S. Shapley,883,Lloyd S.,Shapley,male,02/06/1923,USA,Cambridge MA,US,12/03/2016,USA,Tucson AZ,US,University of California,Los Angeles CA,USA
854,2012,882,Alvin E.,Roth,economics,2,"""for the theory of stable allocations and the practice of market design""",Alvin E. Roth,882,Alvin E.,Roth,male,18/12/1951,USA,New York NY,US,0000-00-00,,,,Harvard University,Cambridge MA,USA
855,2012,881,European Union,,peace,1,"""for over six decades contributed to the advancement of peace and reconciliation democracy and human rights in Europe""",,467,Institute of International Law,,org,1873-00-00,,,,0000-00-00,,,,,,
856,2012,880,Mo,Yan,literature,1,"""who with hallucinatory realism merges folk tales history and the contemporary""",Mo Yan,880,Mo,Yan,male,02/02/1955,China,Gaomi,CN,0000-00-00,,,,,,
857,2012,879,Brian,Kobilka,chemistry,2,"""for studies of G-protein-coupled receptors""",Brian Kobilka,879,Brian,Kobilka,male,30/05/1955,USA,Little Falls MN,US,0000-00-00,,,,Stanford University School of Medicine,Stanford CA,USA
858,2012,878,Robert J.,Lefkowitz,chemistry,2,"""for studies of G-protein-coupled receptors""",Robert J. Lefkowitz,878,Robert J.,Lefkowitz,male,15/04/1943,USA,New York NY,US,0000-00-00,,,,Howard Hughes Medical Institute,,USA
859,2012,876,Serge,Haroche,physics,2,"""for ground-breaking experimental methods that enable measuring and manipulation of individual quantum systems""",Serge Haroche,876,Serge,Haroche,male,11/09/1944,Morocco,Casablanca,MA,0000-00-00,,,,Collège de France,Paris,France
860,2012,875,Shinya,Yamanaka,medicine,2,"""for the discovery that mature cells can be reprogrammed to become pluripotent""",Shinya Yamanaka,875,Shinya,Yamanaka,male,04/09/1962,Japan,Osaka,JP,0000-00-00,,,,Kyoto University,Kyoto,Japan
861,2012,874,Sir John B.,Gurdon,medicine,2,"""for the discovery that mature cells can be reprogrammed to become pluripotent""",Sir John B. Gurdon,874,Sir John B.,Gurdon,male,02/10/1933,United Kingdom,Dippenhall,GB,0000-00-00,,,,Gurdon Institute,Cambridge,United Kingdom
862,2012,877,David J.,Wineland,physics,2,"""for ground-breaking experimental methods that enable measuring and manipulation of individual quantum systems""",David J. Wineland,877,David J.,Wineland,male,24/02/1944,USA,Milwaukee WI,US,0000-00-00,,,,National Institute of Standards and Technology,Boulder CO,USA
863,2013,896,Robert J.,Shiller,economics,3,"""for their empirical analysis of asset prices""",Robert J. Shiller,896,Robert J.,Shiller,male,29/03/1946,USA,Detroit MI,US,0000-00-00,,,,Yale University,New Haven CT,USA
864,2013,891,Arieh,Warshel,chemistry,3,"""for the development of multiscale models for complex chemical systems""",Arieh Warshel,891,Arieh,Warshel,male,20/11/1940,British Mandate of Palestine (now Israel),Kibbutz Sde-Nahum,IL,0000-00-00,,,,University of Southern California,Los Angeles CA,USA
865,2013,895,Lars Peter,Hansen,economics,3,"""for their empirical analysis of asset prices""",Lars Peter Hansen,895,Lars Peter,Hansen,male,26/10/1952,USA,Urbana IL,US,0000-00-00,,,,University of Chicago,Chicago IL,USA
866,2013,894,Eugene F.,Fama,economics,3,"""for their empirical analysis of asset prices""",Eugene F. Fama,894,Eugene F.,Fama,male,14/02/1939,USA,Boston MA,US,0000-00-00,,,,University of Chicago,Chicago IL,USA
867,2013,893,Organisation for the Prohibition of Chemical Weapons,,peace,1,"""for its extensive efforts to eliminate chemical weapons""",,467,Institute of International Law,,org,1873-00-00,,,,0000-00-00,,,,,,
868,2013,892,Alice,Munro,literature,1,"""master of the contemporary short story""",Alice Munro,892,Alice,Munro,female,10/07/1931,Canada,Wingham,CA,0000-00-00,,,,,,
869,2013,890,Michael,Levitt,chemistry,3,"""for the development of multiscale models for complex chemical systems""",Michael Levitt,890,Michael,Levitt,male,09/05/1947,South Africa,Pretoria,ZA,0000-00-00,,,,Stanford University School of Medicine,Stanford CA,USA
870,2013,889,Martin,Karplus,chemistry,3,"""for the development of multiscale models for complex chemical systems""",Martin Karplus,889,Martin,Karplus,male,15/03/1930,Austria,Vienna,AT,0000-00-00,,,,Université de Strasbourg,Strasbourg,France
871,2013,888,Peter,Higgs,physics,2,"""for the theoretical discovery of a mechanism that contributes to our understanding of the origin of mass of subatomic particles and which recently was confirmed through the discovery of the predicted fundamental particle by the ATLAS and CMS experiments at CERN's Large Hadron Collider""",Peter Higgs,888,Peter,Higgs,male,29/05/1929,United Kingdom,Newcastle upon Tyne,GB,0000-00-00,,,,University of Edinburgh,Edinburgh,United Kingdom
872,2013,887,François,Englert,physics,2,"""for the theoretical discovery of a mechanism that contributes to our understanding of the origin of mass of subatomic particles and which recently was confirmed through the discovery of the predicted fundamental particle by the ATLAS and CMS experiments at CERN's Large Hadron Collider""",François Englert,887,François,Englert,male,06/11/1932,Belgium,Etterbeek,BE,0000-00-00,,,,Université Libre de Bruxelles,Brussels,Belgium
873,2013,886,Thomas C.,Südhof,medicine,3,"""for their discoveries of machinery regulating vesicle traffic a major transport system in our cells""",Thomas C. Südhof,886,Thomas C.,Südhof,male,22/12/1955,Germany,Göttingen,DE,0000-00-00,,,,Stanford University,Stanford CA,USA
874,2013,885,Randy W.,Schekman,medicine,3,"""for their discoveries of machinery regulating vesicle traffic a major transport system in our cells""",Randy W. Schekman,885,Randy W.,Schekman,male,30/12/1948,USA,St. Paul MN,US,0000-00-00,,,,University of California,Berkeley CA,USA
875,2013,884,James E.,Rothman,medicine,3,"""for their discoveries of machinery regulating vesicle traffic a major transport system in our cells""",James E. Rothman,884,James E.,Rothman,male,03/11/1950,USA,Haverhill MA,US,0000-00-00,,,,Yale University,New Haven CT,USA
876,2014,915,Jean,Tirole,economics,1,"""for his analysis of market power and regulation""",Jean Tirole,915,Jean,Tirole,male,09/08/1953,France,Troyes,FR,0000-00-00,,,,Toulouse School of Economics (TSE),Toulouse,France
877,2014,914,Malala,Yousafzai,peace,2,"""for their struggle against the suppression of children and young people and for the right of all children to education""",Malala Yousafzai,914,Malala,Yousafzai,female,12/07/1997,Pakistan,Mingora,PK,0000-00-00,,,,,,
878,2014,912,Patrick,Modiano,literature,1,"""for the art of memory with which he has evoked the most ungraspable human destinies and
uncovered the life-world of the occupation""",Patrick Modiano,912,Patrick,Modiano,male,30/07/1945,France,Paris,FR,0000-00-00,,,,,,
879,2014,911,William E.,Moerner,chemistry,3,"""for the development of super-resolved fluorescence microscopy""",William E. Moerner,911,William E.,Moerner,male,24/06/1953,USA,Pleasanton CA,US,0000-00-00,,,,Stanford University,Stanford CA,USA
880,2014,910,Stefan W.,Hell,chemistry,3,"""for the development of super-resolved fluorescence microscopy""",Stefan W. Hell,910,Stefan W.,Hell,male,23/12/1962,Romania,Arad,RO,0000-00-00,,,,Max Planck Institute for Biophysical Chemistry,Göttingen,Germany
881,2014,909,Eric,Betzig,chemistry,3,"""for the development of super-resolved fluorescence microscopy""",Eric Betzig,909,Eric,Betzig,male,13/01/1960,USA,Ann Arbor MI,US,0000-00-00,,,,Janelia Research Campus Howard Hughes Medical Institute,Ashburn VA,USA
882,2014,913,Kailash,Satyarthi,peace,2,"""for their struggle against the suppression of children and young people and for the right of all children to education""",Kailash Satyarthi,913,Kailash,Satyarthi,male,11/01/1954,India,Vidisha,IN,0000-00-00,,,,,,
883,2014,907,Hiroshi,Amano,physics,3,"""for the invention of efficient blue light-emitting diodes which has enabled bright and energy-saving white light sources""",Hiroshi Amano,907,Hiroshi,Amano,male,11/09/1960,Japan,Hamamatsu,JP,0000-00-00,,,,Nagoya University,Nagoya,Japan
884,2014,906,Isamu,Akasaki,physics,3,"""for the invention of efficient blue light-emitting diodes which has enabled bright and energy-saving white light sources""",Isamu Akasaki,906,Isamu,Akasaki,male,30/01/1929,Japan,Chiran,JP,01/04/2021,Japan,Nagoya,JP,Meijo University,Nagoya,Japan
885,2014,905,Edvard I.,Moser,medicine,4,"""for their discoveries of cells that constitute a positioning system in the brain""",Edvard I. Moser,905,Edvard I.,Moser,male,27/04/1962,Norway,Ålesund,NO,0000-00-00,,,,Norwegian University of Science and Technology (NTNU),Trondheim,Norway
886,2014,904,May-Britt,Moser,medicine,4,"""for their discoveries of cells that constitute a positioning system in the brain""",May-Britt Moser,904,May-Britt,Moser,female,04/01/1963,Norway,Fosnavåg,NO,0000-00-00,,,,Norwegian University of Science and Technology (NTNU),Trondheim,Norway
887,2014,903,John,O'Keefe,medicine,2,"""for their discoveries of cells that constitute a positioning system in the brain""",John O'Keefe,903,John,O'Keefe,male,18/11/1939,USA,New York NY,US,0000-00-00,,,,University College,London,United Kingdom
888,2014,908,Shuji,Nakamura,physics,3,"""for the invention of efficient blue light-emitting diodes which has enabled bright and energy-saving white light sources""",Shuji Nakamura,908,Shuji,Nakamura,male,22/05/1954,Japan,Ikata,JP,0000-00-00,,,,University of California,Santa Barbara CA,USA
889,2015,926,Angus,Deaton,economics,1,"""for his analysis of consumption poverty and welfare""",Angus Deaton,926,Angus,Deaton,male,19/10/1945,Scotland,Edinburgh,GB,0000-00-00,,,,Princeton University,Princeton NJ,USA
890,2015,925,National Dialogue Quartet,,peace,1,"""for its decisive contribution to the building of a pluralistic democracy in Tunisia in the wake of the Jasmine Revolution of 2011""",,467,Institute of International Law,,org,1873-00-00,,,,0000-00-00,,,,,,
891,2015,924,Svetlana,Alexievich,literature,1,"""for her polyphonic writings a monument to suffering and courage in our time""",Svetlana Alexievich,924,Svetlana,Alexievich,female,31/05/1948,Ukraine,Ivano-Frankivsk,UA,0000-00-00,,,,,,
892,2015,923,Aziz,Sancar,chemistry,3,"""for mechanistic studies of DNA repair""",Aziz Sancar,923,Aziz,Sancar,male,08/09/1946,Turkey,Savur,TR,0000-00-00,,,,University of North Carolina,Chapel Hill NC,USA
893,2015,922,Paul,Modrich,chemistry,3,"""for mechanistic studies of DNA repair""",Paul Modrich,922,Paul,Modrich,male,13/06/1946,USA,Raton NM,US,0000-00-00,,,,Howard Hughes Medical Institute,Durham NC,USA
894,2015,921,Tomas,Lindahl,chemistry,3,"""for mechanistic studies of DNA repair""",Tomas Lindahl,921,Tomas,Lindahl,male,28/01/1938,Sweden,Stockholm,SE,0000-00-00,,,,Francis Crick Institute,Hertfordshire,United Kingdom
895,2015,919,Takaaki,Kajita,physics,2,"""for the discovery of neutrino oscillations which shows that neutrinos have mass""",Takaaki Kajita,919,Takaaki,Kajita,male,09/03/1959,Japan,Higashimatsuyama,JP,0000-00-00,,,,University of Tokyo,Kashiwa,Japan
896,2015,918,Youyou,Tu,medicine,2,"""for her discoveries concerning a novel therapy against Malaria""",Youyou Tu,918,Youyou,Tu,female,30/12/1930,China,Zhejiang Ningbo,CN,0000-00-00,,,,China Academy of Traditional Chinese Medicine,Beijing,China
897,2015,917,Satoshi,Ōmura,medicine,4,"""for their discoveries concerning a novel therapy against infections caused by roundworm parasites""",Satoshi Ōmura,917,Satoshi,Ōmura,male,12/07/1935,Japan,Yamanashi Prefecture,JP,0000-00-00,,,,Kitasato University,Tokyo,Japan
898,2015,916,William C.,Campbell,medicine,4,"""for their discoveries concerning a novel therapy against infections caused by roundworm parasites""",William C. Campbell,916,William C.,Campbell,male,28/06/1930,Ireland,Ramelton,IE,0000-00-00,,,,Drew University,Madison NJ,USA
899,2015,920,Arthur B.,McDonald,physics,2,"""for the discovery of neutrino oscillations which shows that neutrinos have mass""",Arthur B. McDonald,920,Arthur B.,McDonald,male,29/08/1943,Canada,Sydney,CA,0000-00-00,,,,Queen's University,Kingston,Canada
900,2016,936,Bengt,Holmström,economics,2,"""for their contributions to contract theory""",Bengt Holmström,936,Bengt,Holmström,male,18/04/1949,Finland,Helsinki,FI,0000-00-00,,,,Massachusetts Institute of Technology (MIT),Cambridge MA,USA
901,2016,933,Bernard L.,Feringa,chemistry,3,"""for the design and synthesis of molecular machines""",Bernard L. Feringa,933,Bernard L.,Feringa,male,18/05/1951,the Netherlands,Barger-Compascuum,NL,0000-00-00,,,,University of Groningen,Groningen,the Netherlands
902,2016,935,Oliver,Hart,economics,2,"""for their contributions to contract theory""",Oliver Hart,935,Oliver,Hart,male,09/10/1948,United Kingdom,London,GB,0000-00-00,,,,Harvard University,Cambridge MA,USA
903,2016,934,Juan Manuel,Santos,peace,1,"""for his resolute efforts to bring the country's more than 50-year-long civil war to an end""",Juan Manuel Santos,934,Juan Manuel,Santos,male,10/08/1951,Colombia,Bogotá,CO,0000-00-00,,,,,,
904,2016,932,Sir J. Fraser,Stoddart,chemistry,3,"""for the design and synthesis of molecular machines""",Sir J. Fraser Stoddart,932,Sir J. Fraser,Stoddart,male,24/05/1942,United Kingdom,Edinburgh,GB,0000-00-00,,,,Northwestern University,Evanston IL,USA
905,2016,937,Bob,Dylan,literature,1,"""for having created new poetic expressions within the great American song tradition""",Bob Dylan,937,Bob,Dylan,male,24/05/1941,USA,Duluth MN,US,0000-00-00,,,,,,
906,2016,930,J. Michael,Kosterlitz,physics,4,"""for theoretical discoveries of topological phase transitions and topological phases of matter""",J. Michael Kosterlitz,930,J. Michael,Kosterlitz,male,22/06/1943,United Kingdom,Aberdeen,GB,0000-00-00,,,,Brown University,Providence RI,USA
907,2016,929,F. Duncan M.,Haldane,physics,4,"""for theoretical discoveries of topological phase transitions and topological phases of matter""",F. Duncan M. Haldane,929,F. Duncan M.,Haldane,male,14/09/1951,United Kingdom,London,GB,0000-00-00,,,,Princeton University,Princeton NJ,USA
908,2016,928,David J.,Thouless,physics,2,"""for theoretical discoveries of topological phase transitions and topological phases of matter""",David J. Thouless,928,David J.,Thouless,male,21/09/1934,United Kingdom,Bearsden,GB,06/04/2019,United Kingdom,Cambridge,GB,University of Washington,Seattle WA,USA
909,2016,927,Yoshinori,Ohsumi,medicine,1,"""for his discoveries of mechanisms for autophagy""",Yoshinori Ohsumi,927,Yoshinori,Ohsumi,male,09/02/1945,Japan,Fukuoka,JP,0000-00-00,,,,Tokyo Institute of Technology,Tokyo,Japan
910,2016,931,Jean-Pierre,Sauvage,chemistry,3,"""for the design and synthesis of molecular machines""",Jean-Pierre Sauvage,931,Jean-Pierre,Sauvage,male,21/10/1944,France,Paris,FR,0000-00-00,,,,University of Strasbourg,Strasbourg,France
911,2017,948,International Campaign to Abolish Nuclear Weapons,,peace,1,"""for its work to draw attention to the catastrophic humanitarian consequences of any use of nuclear weapons and for its ground-breaking efforts to achieve a treaty-based prohibition of such weapons""",,467,Institute of International Law,,org,1873-00-00,,,,0000-00-00,,,,,,
912,2017,947,Kazuo,Ishiguro,literature,1,"""who in novels of great emotional force has uncovered the abyss beneath our illusory sense of connection with the world""",Kazuo Ishiguro,947,Kazuo,Ishiguro,male,08/11/1954,Japan,Nagasaki,JP,0000-00-00,,,,,,
913,2017,946,Richard,Henderson,chemistry,3,"""for developing cryo-electron microscopy for the high-resolution structure determination of biomolecules in solution""",Richard Henderson,946,Richard,Henderson,male,19/07/1945,Scotland,Edinburgh,GB,0000-00-00,,,,MRC Laboratory of Molecular Biology,Cambridge,United Kingdom
914,2017,945,Joachim,Frank,chemistry,3,"""for developing cryo-electron microscopy for the high-resolution structure determination of biomolecules in solution""",Joachim Frank,945,Joachim,Frank,male,12/09/1940,Germany,Siegen,DE,0000-00-00,,,,Columbia University,New York NY,USA
915,2017,944,Jacques,Dubochet,chemistry,3,"""for developing cryo-electron microscopy for the high-resolution structure determination of biomolecules in solution""",Jacques Dubochet,944,Jacques,Dubochet,male,08/06/1942,Switzerland,Aigle,CH,0000-00-00,,,,University of Lausanne,Lausanne,Switzerland
916,2017,943,Kip S.,Thorne,physics,4,"""for decisive contributions to the LIGO detector and the observation of gravitational waves""",Kip S. Thorne,943,Kip S.,Thorne,male,01/06/1940,USA,Logan UT,US,0000-00-00,,,,LIGO/VIRGO Collaboration,,
917,2017,949,Richard H.,Thaler,economics,1,"""for his contributions to behavioural economics""",Richard H. Thaler,949,Richard H.,Thaler,male,12/09/1945,USA,East Orange NJ,US,0000-00-00,,,,University of Chicago,Chicago IL,USA
918,2017,941,Rainer,Weiss,physics,2,"""for decisive contributions to the LIGO detector and the observation of gravitational waves""",Rainer Weiss,941,Rainer,Weiss,male,29/09/1932,Germany,Berlin,DE,0000-00-00,,,,LIGO/VIRGO Collaboration,,
919,2017,940,Michael W.,Young,medicine,3,"""for their discoveries of molecular mechanisms controlling the circadian rhythm""",Michael W. Young,940,Michael W.,Young,male,28/03/1949,USA,Miami FL,US,0000-00-00,,,,Rockefeller University,New York NY,USA
920,2017,939,Michael,Rosbash,medicine,3,"""for their discoveries of molecular mechanisms controlling the circadian rhythm""",Michael Rosbash,939,Michael,Rosbash,male,07/03/1944,USA,Kansas City MO,US,0000-00-00,,,,Brandeis University,Waltham MA,USA
921,2017,938,Jeffrey C.,Hall,medicine,3,"""for their discoveries of molecular mechanisms controlling the circadian rhythm""",Jeffrey C. Hall,938,Jeffrey C.,Hall,male,03/05/1945,USA,New York NY,US,0000-00-00,,,,University of Maine,Maine ME,USA
922,2017,942,Barry C.,Barish,physics,4,"""for decisive contributions to the LIGO detector and the observation of gravitational waves""",Barry C. Barish,942,Barry C.,Barish,male,27/01/1936,USA,Omaha NE,US,0000-00-00,,,,LIGO/VIRGO Collaboration,,
923,2018,979,Olga,Tokarczuk,literature,1,"""for a narrative imagination that with encyclopedic passion represents the crossing of boundaries as a form of life""",Olga Tokarczuk,979,Olga,Tokarczuk,female,29/01/1962,Poland,Sulechów,PL,0000-00-00,,,,,,
924,2018,969,Paul M.,Romer,economics,2,"""for integrating technological innovations into long-run macroeconomic analysis""",Paul M. Romer,969,Paul M.,Romer,male,1955-00-00,USA,Denver CO,US,0000-00-00,,,,NYU Stern School of Business,New York NY,USA
925,2018,968,William D.,Nordhaus,economics,2,"""for integrating climate change into long-run macroeconomic analysis""",William D. Nordhaus,968,William D.,Nordhaus,male,31/05/1941,USA,Albuquerque NM,US,0000-00-00,,,,Yale University,New Haven CT,USA
926,2018,967,Nadia,Murad,peace,2,"""for their efforts to end the use of sexual violence as a weapon of war and armed conflict""",Nadia Murad,967,Nadia,Murad,female,1993-00-00,Iraq,Kojo,IQ,0000-00-00,,,,,,
927,2018,966,Denis,Mukwege,peace,2,"""for their efforts to end the use of sexual violence as a weapon of war and armed conflict""",Denis Mukwege,966,Denis,Mukwege,male,01/03/1955,Belgian Congo (now Democratic Republic of the Congo),Bukavu,CD,0000-00-00,,,,,,
928,2018,965,Sir Gregory P.,Winter,chemistry,4,"""for the phage display of peptides and antibodies""",Sir Gregory P. Winter,965,Sir Gregory P.,Winter,male,14/04/1951,United Kingdom,Leicester,GB,0000-00-00,,,,MRC Laboratory of Molecular Biology,Cambridge,United Kingdom
929,2018,964,George P.,Smith,chemistry,4,"""for the phage display of peptides and antibodies""",George P. Smith,964,George P.,Smith,male,10/03/1941,USA,Norwalk CT,US,0000-00-00,,,,University of Missouri,Columbia,USA
930,2018,963,Frances H.,Arnold,chemistry,2,"""for the directed evolution of enzymes""",Frances H. Arnold,963,Frances H.,Arnold,female,25/07/1956,USA,Pittsburgh PA,US,0000-00-00,,,,California Institute of Technology (Caltech),Pasadena CA,USA
931,2018,961,Gérard,Mourou,physics,4,"""for their method of generating high-intensity ultra-short optical pulses""",Gérard Mourou,961,Gérard,Mourou,male,22/06/1944,France,Albertville,FR,0000-00-00,,,,École Polytechnique,Palaiseau,France
932,2018,960,Arthur,Ashkin,physics,2,"""for the optical tweezers and their application to biological systems""",Arthur Ashkin,960,Arthur,Ashkin,male,02/09/1922,USA,New York NY,US,21/09/2020,USA,Rumson NJ,US,Bell Laboratories,Holmdel NJ,USA
933,2018,959,Tasuku,Honjo,medicine,2,"""for their discovery of cancer therapy by inhibition of negative immune regulation""",Tasuku Honjo,959,Tasuku,Honjo,male,27/01/1942,Japan,Kyoto,JP,0000-00-00,,,,Kyoto University,Kyoto,Japan
934,2018,958,James P.,Allison,medicine,2,"""for their discovery of cancer therapy by inhibition of negative immune regulation""",James P. Allison,958,James P.,Allison,male,07/08/1948,USA,Alice TX,US,0000-00-00,,,,Parker Institute for Cancer Immunotherapy,San Francisco CA,USA
935,2018,962,Donna,Strickland,physics,4,"""for their method of generating high-intensity ultra-short optical pulses""",Donna Strickland,962,Donna,Strickland,female,27/05/1959,Canada,Guelph,CA,0000-00-00,,,,University of Waterloo,Waterloo,Canada
936,2019,978,Akira,Yoshino,chemistry,3,"""for the development of lithium-ion batteries""",Akira Yoshino,978,Akira,Yoshino,male,30/01/1948,Japan,Suita,JP,0000-00-00,,,,Asahi Kasei Corporation,Tokyo,Japan
937,2019,982,Abhijit,Banerjee,economics,3,"""for their experimental approach to alleviating global poverty""",Abhijit Banerjee,982,Abhijit,Banerjee,male,21/02/1961,India,Mumbai,IN,0000-00-00,,,,Massachusetts Institute of Technology (MIT),Cambridge MA,USA
938,2019,984,Michael,Kremer,economics,3,"""for their experimental approach to alleviating global poverty""",Michael Kremer,984,Michael,Kremer,male,12/11/1964,USA,New York NY,US,0000-00-00,,,,Harvard University,Cambridge MA,USA
939,2019,980,Peter,Handke,literature,1,"""for an influential work that with linguistic ingenuity has explored the periphery and the specificity of human experience""",Peter Handke,980,Peter,Handke,male,06/12/1942,Austria,Griffen,AT,0000-00-00,,,,,,
940,2019,983,Esther,Duflo,economics,3,"""for their experimental approach to alleviating global poverty""",Esther Duflo,983,Esther,Duflo,female,25/10/1972,France,Paris,FR,0000-00-00,,,,Massachusetts Institute of Technology (MIT),Cambridge MA,USA
941,2019,977,M. Stanley,Whittingham,chemistry,3,"""for the development of lithium-ion batteries""",M. Stanley Whittingham,977,M. Stanley,Whittingham,male,22/12/1941,United Kingdom,,GB,0000-00-00,,,,Binghamton University State University of New York,New York NY,USA
942,2019,981,Abiy,Ahmed Ali,peace,1,"""for his efforts to achieve peace and international cooperation and in particular for his decisive initiative to resolve the border conflict with neighbouring Eritrea""",Abiy Ahmed Ali,981,Abiy,Ahmed Ali,male,15/08/1976,Ethiopia,Beshasha,ET,0000-00-00,,,,,,
943,2019,975,Didier,Queloz,physics,4,"""for the discovery of an exoplanet orbiting a solar-type star""",Didier Queloz,975,Didier,Queloz,male,23/02/1966,Switzerland,Geneva,CH,0000-00-00,,,,University of Geneva,Geneva,Switzerland
944,2019,974,Michel,Mayor,physics,4,"""for the discovery of an exoplanet orbiting a solar-type star""",Michel Mayor,974,Michel,Mayor,male,12/01/1942,Switzerland,Lausanne,CH,0000-00-00,,,,University of Geneva,Geneva,Switzerland
945,2019,973,James,Peebles,physics,2,"""for theoretical discoveries in physical cosmology""",James Peebles,973,James,Peebles,male,25/04/1935,Canada,Winnipeg,CA,0000-00-00,,,,Princeton University,Princeton NJ,USA
946,2019,972,Gregg,Semenza,medicine,3,"""for their discoveries of how cells sense and adapt to oxygen availability""",Gregg Semenza,972,Gregg,Semenza,male,12/07/1956,USA,New York NY,US,0000-00-00,,,,Johns Hopkins University,Baltimore MD,USA
947,2019,971,Peter,Ratcliffe,medicine,3,"""for their discoveries of how cells sense and adapt to oxygen availability""",Peter Ratcliffe,971,Peter,Ratcliffe,male,14/05/1954,United Kingdom,Lancashire,GB,0000-00-00,,,,University of Oxford,Oxford,United Kingdom
948,2019,970,William,Kaelin,medicine,3,"""for their discoveries of how cells sense and adapt to oxygen availability""",William Kaelin,970,William,Kaelin,male,23/11/1957,USA,New York NY,US,0000-00-00,,,,Harvard Medical School,Boston MA,USA
949,2019,976,John,Goodenough,chemistry,3,"""for the development of lithium-ion batteries""",John Goodenough,976,John,Goodenough,male,25/07/1922,Germany,Jena,DE,0000-00-00,,,,University of Texas,Austin TX,USA
950,2020,996,Robert,Wilson,economics,2,"""for improvements to auction theory and inventions of new auction formats""",Robert Wilson,996,Robert,Wilson,male,16/05/1937,USA,Geneva NE,US,0000-00-00,,,,Stanford University,Stanford CA,USA
951,2020,995,Paul,Milgrom,economics,2,"""for improvements to auction theory and inventions of new auction formats""",Paul Milgrom,995,Paul,Milgrom,male,20/04/1948,USA,Detroit MI,US,0000-00-00,,,,Stanford University,Stanford CA,USA
952,2020,994,World Food Programme,,peace,1,"""for its efforts to combat hunger for its contribution to bettering conditions for peace in conflict-affected areas and for acting as a driving force in efforts to prevent the use of hunger as a weapon of war and conflict""",,467,Institute of International Law,,org,1873-00-00,,,,0000-00-00,,,,,,
953,2020,993,Louise,Glück,literature,1,"""for her unmistakable poetic voice that with austere beauty makes individual existence universal""",Louise Glück,993,Louise,Glück,female,22/04/1943,USA,New York NY,US,0000-00-00,,,,,,
954,2020,992,Jennifer A.,Doudna,chemistry,2,"""for the development of a method for genome editing""",Jennifer A. Doudna,992,Jennifer A.,Doudna,female,19/02/1964,USA,Washington D.C.,US,0000-00-00,,,,University of California,Berkeley CA,USA
955,2020,991,Emmanuelle,Charpentier,chemistry,2,"""for the development of a method for genome editing""",Emmanuelle Charpentier,991,Emmanuelle,Charpentier,female,11/12/1968,France,Juvisy-sur-Orge,FR,0000-00-00,,,,Max Planck Unit for the Science of Pathogens,Berlin,Germany
956,2020,989,Reinhard,Genzel,physics,4,"""for the discovery of a supermassive compact object at the centre of our galaxy""",Reinhard Genzel,989,Reinhard,Genzel,male,24/03/1952,Germany,Bad Homburg vor der Höhe,DE,0000-00-00,,,,Max Planck Institute for Extraterrestrial Physics,Garching,Germany
957,2020,988,Roger,Penrose,physics,2,"""for the discovery that black hole formation is a robust prediction of the general theory of relativity""",Roger Penrose,988,Roger,Penrose,male,08/08/1931,United Kingdom,Colchester,GB,0000-00-00,,,,University of Oxford,Oxford,United Kingdom
958,2020,987,Charles,Rice,medicine,3,"""for the discovery of Hepatitis C virus""",Charles Rice,987,Charles,Rice,male,25/08/1952,USA,Sacramento CA,US,0000-00-00,,,,Rockefeller University,New York NY,USA
959,2020,986,Michael,Houghton,medicine,3,"""for the discovery of Hepatitis C virus""",Michael Houghton,986,Michael,Houghton,male,1949-00-00,United Kingdom,,GB,0000-00-00,,,,University of Alberta,Edmonton,Canada
960,2020,985,Harvey,Alter,medicine,3,"""for the discovery of Hepatitis C virus""",Harvey Alter,985,Harvey,Alter,male,12/09/1935,USA,New York NY,US,0000-00-00,,,,National Institutes of Health,Bethesda MD,USA
961,2020,990,Andrea,Ghez,physics,4,"""for the discovery of a supermassive compact object at the centre of our galaxy""",Andrea Ghez,990,Andrea,Ghez,female,16/06/1965,USA,New York NY,US,0000-00-00,,,,University of California,Los Angeles CA,USA
962,2021,1004,Abdulrazak,Gurnah,literature,1,"""for his uncompromising and compassionate penetration of the effects of colonialism and the fate of the refugee in the gulf between cultures and continents""",Abdulrazak Gurnah,1004,Abdulrazak,Gurnah,male,1948-00-00,,,,0000-00-00,,,,,,
963,2021,1008,Joshua,Angrist,economics,4,"""for their methodological contributions to the analysis of causal relationships""",Joshua Angrist,1008,Joshua,Angrist,male,18/09/1960,USA,Columbus OH,US,0000-00-00,,,,Massachusetts Institute of Technology (MIT),Cambridge MA,USA
964,2021,1007,David,Card,economics,2,"""for his empirical contributions to labour economics""",David Card,1007,David,Card,male,1956-00-00,Canada,Guelph,CA,0000-00-00,,,,University of California,Berkeley CA,USA
965,2021,1006,Dmitry,Muratov,peace,2,"""for their efforts to safeguard freedom of expression which is a precondition for democracy and lasting peace""",Dmitry Muratov,1006,Dmitry,Muratov,male,1961-00-00,USSR (now Russia),Kubyshev (now Samara),RU,0000-00-00,,,,,,
966,2021,1009,Guido,Imbens,economics,4,"""for their methodological contributions to the analysis of causal relationships""",Guido Imbens,1009,Guido,Imbens,male,03/09/1963,the Netherlands,Geldrop,NL,0000-00-00,,,,Stanford University,Stanford CA,USA
967,2021,1005,Maria,Ressa,peace,2,"""for their efforts to safeguard freedom of expression which is a precondition for democracy and lasting peace""",Maria Ressa,1005,Maria,Ressa,female,02/10/1963,Philippines,Manila,PH,0000-00-00,,,,,,
968,2021,1003,David,MacMillan,chemistry,2,"""for the development of asymmetric organocatalysis""",David MacMillan,1003,David,MacMillan,male,16/03/1968,United Kingdom,Bellshill,GB,0000-00-00,,,,Princeton University,Princeton NJ,USA
969,2021,999,Syukuro,Manabe,physics,4,"""for the physical modelling of Earth’s climate quantifying variability and reliably predicting global warming""",Syukuro Manabe,999,Syukuro,Manabe,male,21/09/1931,Japan,Shingu Ehime,JP,0000-00-00,,,,Princeton University,Princeton NJ,USA
970,2021,1001,Giorgio,Parisi,physics,2,"""for the discovery of the interplay of disorder and fluctuations in physical systems from atomic to planetary scales""",Giorgio Parisi,1001,Giorgio,Parisi,male,04/08/1948,Italy,Rome,IT,0000-00-00,,,,Sapienza University of Rome,Rome,Italy
971,2021,1000,Klaus,Hasselmann,physics,4,"""for the physical modelling of Earth’s climate quantifying variability and reliably predicting global warming""",Klaus Hasselmann,1000,Klaus,Hasselmann,male,25/10/1931,Germany,Hamburg,DE,0000-00-00,,,,Max Planck Institute for Meteorology,Hamburg,Germany
972,2021,998,Ardem,Patapoutian,medicine,2,"""for their discoveries of receptors for temperature and touch""",Ardem Patapoutian,998,Ardem,Patapoutian,male,1967-00-00,Lebanon,Beirut,LB,0000-00-00,,,,Scripps Research,La Jolla CA,USA
973,2021,997,David,Julius,medicine,2,"""for their discoveries of receptors for temperature and touch""",David Julius,997,David,Julius,male,04/11/1955,USA,New York NY,US,0000-00-00,,,,University of California,San Francisco CA,USA
974,2021,1002,Benjamin,List,chemistry,2,"""for the development of asymmetric organocatalysis""",Benjamin List,1002,Benjamin,List,male,11/01/1968,Germany,Frankfurt-on-the-Main,DE,0000-00-00,,,,Max-Planck-Institut für Kohlenforschung,Mülheim an der Ruhr,Germany
975,2022,1021,Ben,Bernanke,economics,3,"""for research on banks and financial crises""",Ben Bernanke,1021,Ben,Bernanke,male,13/12/1953,USA,Augusta GA,US,0000-00-00,,,,The Brookings Institution,Washington D.C.,USA
976,2022,1020,Center for Civil Liberties,,peace,3,"""The Peace Prize laureates represent civil society in their home countries. They have for many years promoted the right to criticise power and protect the fundamental rights of citizens. They have made an outstanding effort to document war crimes human right abuses and the abuse of power. Together they demonstrate the significance of civil society for peace and democracy.""",,467,Institute of International Law,,org,1873-00-00,,,,0000-00-00,,,,,,
977,2022,1019,Memorial,,peace,3,"""The Peace Prize laureates represent civil society in their home countries. They have for many years promoted the right to criticise power and protect the fundamental rights of citizens. They have made an outstanding effort to document war crimes human right abuses and the abuse of power. Together they demonstrate the significance of civil society for peace and democracy.""",,467,Institute of International Law,,org,1873-00-00,,,,0000-00-00,,,,,,
978,2022,1018,Ales,Bialiatski,peace,3,"""The Peace Prize laureates represent civil society in their home countries. They have for many years promoted the right to criticise power and protect the fundamental rights of citizens. They have made an outstanding effort to document war crimes human right abuses and the abuse of power. Together they demonstrate the significance of civil society for peace and democracy.""",Ales Bialiatski,1018,Ales,Bialiatski,male,25/09/1962,Russia,Vyartsilya Karelia,RU,0000-00-00,,,,,,
979,2022,1017,Annie,Ernaux,literature,1,"""for the courage and clinical acuity with which she uncovers the roots estrangements and  collective restraints of personal memory""",Annie Ernaux,1017,Annie,Ernaux,female,01/09/1940,France,Lillebonne,FR,0000-00-00,,,,,,
980,2022,1016,Morten,Meldal,chemistry,3,"""for the development of click chemistry and bioorthogonal chemistry""",Morten Meldal,1016,Morten,Meldal,male,1954-00-00,Denmark,Copenhagen,DK,0000-00-00,,,,University of Copenhagen,Copenhagen,Denmark
981,2022,1014,Anton,Zeilinger,physics,3,"""for experiments with entangled photons establishing the violation of Bell inequalities and  pioneering quantum information science""",Anton Zeilinger,1014,Anton,Zeilinger,male,20/05/1945,Austria,Ried im Innkreis,AT,0000-00-00,,,,University of Vienna,Vienna,Austria
982,2022,1013,John F.,Clauser,physics,3,"""for experiments with entangled photons establishing the violation of Bell inequalities and  pioneering quantum information science""",John F. Clauser,1013,John F.,Clauser,male,01/12/1942,USA,Pasadena CA,US,0000-00-00,,,,J.F. Clauser & Assoc.,Walnut Creek CA,USA
983,2022,1012,Alain,Aspect,physics,3,"""for experiments with entangled photons establishing the violation of Bell inequalities and  pioneering quantum information science""",Alain Aspect,1012,Alain,Aspect,male,15/06/1947,France,Agen,FR,0000-00-00,,,,Institut d’Optique Graduate School – Université Paris-Saclay,Paris,France
984,2022,1011,Svante,Pääbo,medicine,1,"""for his discoveries concerning the genomes of extinct hominins and human evolution""",Svante Pääbo,1011,Svante,Pääbo,male,20/04/1955,Sweden,Stockholm,SE,0000-00-00,,,,Max Planck Institute for Evolutionary Anthropology,Leipzig,Germany
985,2022,743,Barry,Sharpless,chemistry,3,"""for the development of click chemistry and bioorthogonal chemistry""",Barry Sharpless,743,Barry,Sharpless,male,28/04/1941,USA,Philadelphia PA,US,0000-00-00,,,,The Scripps Research Institute,La Jolla CA,USA
986,2022,1022,Douglas,Diamond,economics,3,"""for research on banks and financial crises""",Douglas Diamond,1022,Douglas,Diamond,male,25/10/1953,USA,Chicago IL,US,0000-00-00,,,,University of Chicago,Chicago IL,USA
987,2022,1015,Carolyn,Bertozzi,chemistry,3,"""for the development of click chemistry and bioorthogonal chemistry""",Carolyn Bertozzi,1015,Carolyn,Bertozzi,female,10/10/1966,USA,Boston MA,US,0000-00-00,,,,Stanford University,Stanford CA,USA
988,2022,1023,Philip,Dybvig,economics,3,"""for research on banks and financial crises""",Philip Dybvig,1023,Philip,Dybvig,male,22/05/1955,USA,Gainesville FL,US,0000-00-00,,,,Washington University,St. Louis MO,USA
